prompt_index,base_output,tuned_output,base_score,tuned_score,score_delta,base_words,tuned_words
1,The new product gained popularity among customers and saw significant sales growth.,Revenue growth led to increased customer demand.,0.4768286347389221,0.4909900426864624,0.014161407947540283,12,7
2,The hikers found shelter before the storm arrived. Rain began to fall across the mountain trail.,Hikers found shelter after rain fell.,0.4597584903240204,0.4610784649848938,0.001319974660873413,16,6
3,The museum opened a new wing last spring and visitors can now see the ancient coins on display.,Visitors can now view ancient coin displays in the newly expanded wing.,0.44566553831100464,0.45638567209243774,0.010720133781433105,18,12
4,She kept the old letter in a wooden box until years later when she found it while cleaning the attic.,She cherished the letter until recently.,0.46258407831192017,0.4565149247646332,-0.006069153547286987,20,6
5,Residents observed fewer outages when the new solar farm started supplying power in June.,Residents observed reduced outage times with the new solar farm.,0.4702591001987457,0.4801761507987976,0.00991705060005188,14,10
6,She did not review the charts before breakfast.,Nurse altered afternoon schedule after consultation. Ward quietened late evening.,0.45379552245140076,0.48071959614753723,0.026924073696136475,8,10
7,They did not inspect the bridge before the heavy rainfall.,Engineers identified a minor crack in the bridge's east support.,0.45307135581970215,0.4685795307159424,0.015508174896240234,10,10
8,Recorded temperatures were closely aligned with the prediction.,Students' final temperatures closely matched predictions.,0.45121511816978455,0.4577276408672333,0.0065125226974487305,8,6
9,"No rain, so no need to cover the grains.",Farmers dried harvested grains in anticipation of rain.,0.45567062497138977,0.4463576376438141,-0.009312987327575684,9,8
10,They updated the parser to fix the bug and pass all regression tests.,They updated the parser to fix the bug.,0.46342796087265015,0.4666229784488678,0.0031950175762176514,13,8
11,The first shoots appeared after two weeks of sunlight and she moved the pots indoors when winter arrived.,Herbs sprouted in the kitchen window after two weeks of sun.,0.46479132771492004,0.45316392183303833,-0.011627405881881714,18,11
12,Passengers were informed about their arrival times after the delay.,Passengers waited anxiously for updates after delay.,0.44850602746009827,0.42916494607925415,-0.019341081380844116,10,7
13,They did not observe any comets during their preparation.,Astronomers shared their findings on the distant comet.,0.43660104274749756,0.4375646412372589,0.0009635984897613525,9,8
14,"Students found quiet desks on the upper floor, and the building closed shortly after the final study session.",Students' desks became quieter soon after exam.,0.4726598858833313,0.4756223261356354,0.002962440252304077,18,7
15,She selected a lentil soup with roasted vegetables and volunteers served it in the town hall.,Chef chose lentil soup with veggies for community dinner. Volunteers served there.,0.49433767795562744,0.49973252415657043,0.005394846200942993,16,12
16,Emergency workers placed barriers near the low bridge and residents moved their cars to higher ground.,Emergency workers blocked roads to prevent flooding.,0.4713180959224701,0.46117037534713745,-0.010147720575332642,16,7
17,No further action was needed.,Soil analysis indicated unusual nitrogen spike. Farmers took action.,0.44877710938453674,0.47600534558296204,0.027228236198425293,5,9
18,He praised his son for practicing diligently and performing with great enthusiasm.,He was praised for his performance in the concert.,0.47125867009162903,0.4619427025318146,-0.009315967559814453,12,9
19,She replaced a worn belt near the radiator. The vehicle passed its inspection that afternoon.,She replaced the worn belt near the radiator after noon.,0.47770965099334717,0.4769294857978821,-0.0007801651954650879,15,10
20,"A new filtration system began operating beside the school, and children no longer carried water from the distant well.","A new filtration system started alongside the school, providing clean water for children.",0.48165974020957947,0.47770625352859497,-0.003953486680984497,19,13
21,Her article highlighted the neighborhood's evolving dynamics.,Journalist's article highlighted neighborhood evolution.,0.5396544933319092,0.5314033627510071,-0.0082511305809021,7,5
22,They should have checked for moisture first.,Project manager ordered additional drainage work after inspection.,0.45380091667175293,0.4799226224422455,0.026121705770492554,7,8
23,Several plants grew stronger roots in less than a month under artificial light compared to those exposed to natural conditions.,Botanists' seeds thrived with artificial light in months.,0.4695413112640381,0.44791653752326965,-0.021624773740768433,20,8
24,Passengers were waiting near the departure gate when the flight departed shortly after sunrise.,Passengers waited near departure gate before flight departed.,0.4264402985572815,0.4250977039337158,-0.0013425946235656738,14,8
25,The coach instructed the players to practice quick passes before the match. Their improved coordination led to better control over the game.,Players honed quick-passing skills before matches.,0.4801308512687683,0.47496747970581055,-0.005163371562957764,22,6
26,She recommended rest and a light compression bandage to decrease swelling.,The doctor prescribed rest for her patient's ankle swelling.,0.4768539071083069,0.4799173176288605,0.003063410520553589,11,9
27,Employees attended the security training session.,Employees attended the security training.,0.4686843454837799,0.46999216079711914,0.0013078153133392334,6,5
28,She took the photograph when she saw the mountains reflected in the lake.,She took the serene moment with her camera.,0.45472753047943115,0.45105066895484924,-0.003676861524581909,13,8
29,Classrooms maintained their warmth despite colder months.,Classrooms warmed up more in spring despite colder days.,0.4509558081626892,0.47079482674598694,0.01983901858329773,7,9
30,Only the target clause remains unchanged.,Target: The inscriptions on the clay tablets contained clues about an ancient trade route.,0.45652347803115845,0.44351494312286377,-0.013008534908294678,6,14
31,"The fresh bread wafted through the air, filling the market with a warm aroma. Customers formed a short line outside",Baker's freshly baked bread greeted customers early in the morning.,0.46470367908477783,0.47603484988212585,0.011331170797348022,20,10
32,They did not deploy the database update until Sunday.,Software team deployed late on Saturday to fix service outage. Users received notice when service was restored.,0.47757941484451294,0.4729534685611725,-0.004625946283340454,9,17
33,They postponed the afternoon trip due to the increasing wave action on the harbor.,They delayed the afternoon trip due to growing wave impacts.,0.4607838988304138,0.45069584250450134,-0.010088056325912476,14,10
34,The engineer tested the battery under different temperatures and found that its capacity decreased noticeably in the cold chamber. The team added insulation,Engineer increased insulation for improved battery performance.,0.45933347940444946,0.4488876760005951,-0.01044580340385437,23,7
35,The downstream sample contained more suspended sediment. Their report recommended planting vegetation along the banks.,Students found more sediment in downstream stream.,0.4681912064552307,0.4819035530090332,0.01371234655380249,15,7
36,Staff prepared additional rooms before the weekend to accommodate visitors from several nearby cities.,Staff arranged extra rooms ahead of festival.,0.4803989827632904,0.47820577025413513,-0.0021932125091552734,14,7
37,Volunteers constructed raised beds in the east fence to expand the garden's space.,Volunteers established raised beds in the east fence to grow vegetables.,0.4778783619403839,0.473540335893631,-0.00433802604675293,13,11
38,She explained the equation using a simple diagram. The class solved the next example without assistance.,Teacher helped students understand complex concepts.,0.4876013696193695,0.5083198547363281,0.020718485116958618,16,6
39,They did not search for the missing climber until the evening.,The rescue team found the missing climber near the sheltered ledge.,0.4535740613937378,0.46782535314559937,0.014251291751861572,11,11
40,The city planted trees beside the busy highway to reduce dust near nearby houses and help water the young trees during summer.,Trees in city greenhouses help reduce dust near homes.,0.4750840663909912,0.47083619236946106,-0.004247874021530151,22,9
41,The conductor altered the tempo in the quiet section to enhance the audience's enjoyment.,Conductor altered tempo in quiet section to boost enthusiasm.,0.4620220959186554,0.46861642599105835,0.006594330072402954,14,9
42,No sample transfer occurred during the night shift.,Recorded incident during overnight freeze test.,0.44467732310295105,0.4642721712589264,0.019594848155975342,8,6
43,The farmer checked the irrigation pipes before planting and found a blocked valve preventing water from reaching one field. Workers repaired the valve,Farmers fixed the blocked pipe to irrigate both fields.,0.4687415361404419,0.46581876277923584,-0.0029227733612060547,23,9
44,Researchers can now better analyze and interpret fragile historical maps via the museum's new digital platform.,Researchers can access high-resolution maps via website.,0.4623412489891052,0.46655911207199097,0.004217863082885742,16,7
45,She followed a quiet road through the forest and arrived at a village beside the river.,She followed a quiet road through the forest to reach the village by the river.,0.47624531388282776,0.47087785601615906,-0.005367457866668701,16,15
46,Members approved a plan for a public playground and construction was scheduled to begin in autumn.,"Members approved a playground plan, construction scheduled.",0.46888187527656555,0.4720192849636078,0.0031374096870422363,16,7
47,She requested the author to rephrase the concluding section.,Editor requested author to finalize the manuscript.,0.4762437045574188,0.46930304169654846,-0.006940662860870361,9,7
48,Repair crews repaired the damaged windows on the roof the following morning.,Repair crews repaired the damaged windows on the roof the following day.,0.47163766622543335,0.46767324209213257,-0.003964424133300781,12,12
49,The nutrition team designed a meal plan for athletes to include more whole grains and fresh vegetables during preseason training.,Players followed a balanced meal plan in preseason.,0.5123555660247803,0.4945623278617859,-0.017793238162994385,20,8
50,Technicians adjusted the brightness during the dress rehearsal so that the actors could see the set more clearly afterward.,Technicians adjusted lighting for better visibility after rehearsal.,0.4654267430305481,0.45394083857536316,-0.011485904455184937,19,8
51,Local artists decorated the main street with colorful banners and visitors gathered near the harbor in the evening.,Local artists decorate main street with banners in evening.,0.47484925389289856,0.47026997804641724,-0.004579275846481323,18,9
52,The analyst found that online orders represented the majority of sales figures in each region.,The online order growth drove increased deliveries.,0.4652213454246521,0.4776201546192169,0.01239880919456482,15,7
53,They sorted donated clothing by size and then separated them into sizes for delivery.,Volunteers sorted clothes by size; they packed winter coats separately; they delivered supplies before cold weather.,0.471801221370697,0.46550795435905457,-0.006293267011642456,14,16
54,No change needed.,Observatory's sensor detected changes in nighttime air quality.,0.4670799970626831,0.46771547198295593,0.0006354749202728271,3,8
