clip_ratio/high_max,clip_ratio/high_mean,clip_ratio/low_mean,clip_ratio/low_min,clip_ratio/region_mean,completions/clipped_ratio,completions/max_length,completions/max_terminated_length,completions/mean_length,completions/mean_terminated_length,completions/min_length,completions/min_terminated_length,entropy,epoch,frac_reward_zero_std,grad_norm,learning_rate,loss,num_tokens,reward,reward_std,rewards/reward_function/mean,rewards/reward_function/std,step_time,train_loss,train_runtime,train_samples_per_second,train_steps_per_second
0.0,0.0,0.0,0.0,0.0,0.15,48.0,43.9,27.41,23.91,7.8,7.8,2.374,0.002,0.0,2.203,4.991e-06,0.2161,30680.0,-1.746,1.56,-1.746,1.56,7.569,,,,
0.0,0.0,0.0,0.0,0.0,0.1625,46.4,42.0,26.29,22.29,7.4,7.4,2.341,0.004,0.0,1.211,4.981e-06,0.169,61270.0,-1.613,1.997,-1.613,1.997,6.878,,,,
0.0,0.0,0.0,0.0,0.0,0.175,48.0,41.4,26.31,22.14,6.8,6.8,2.452,0.006,0.0,1.242,4.971e-06,0.2447,91820.0,-1.832,1.87,-1.832,1.87,7.03,,,,
0.0,0.0,0.0,0.0,0.0,0.175,48.0,41.5,25.18,20.37,6.5,6.5,2.286,0.008,0.0,1.328,4.961e-06,0.1154,126200.0,-1.25,1.856,-1.25,1.856,7.047,,,,
0.0,0.0,0.0,0.0,0.0,0.1437,47.8,43.0,24.96,21.21,6.6,6.6,2.367,0.01,0.0,1.57,4.951e-06,0.1756,158100.0,-1.678,2.021,-1.678,2.021,7.021,,,,
0.0,0.0,0.0,0.0,0.0,0.1313,47.4,40.0,24.77,21.35,6.1,6.1,2.365,0.012,0.0,2.141,4.941e-06,0.1523,188800.0,-1.477,2.068,-1.477,2.068,7.028,,,,
0.0,0.0,0.0,0.0,0.0,0.1062,46.0,42.3,25.16,22.55,8.5,8.5,2.322,0.014,0.0,2.484,4.931e-06,0.1389,220600.0,-1.246,1.671,-1.246,1.671,6.877,,,,
0.0,0.0,0.0,0.0,0.0,0.1313,46.8,42.5,24.01,20.51,7.7,7.7,2.312,0.016,0.0,1.547,4.921e-06,0.1074,252500.0,-1.42,1.475,-1.42,1.475,6.941,,,,
0.0,0.0,0.0,0.0,0.0,0.1125,46.4,40.1,21.98,18.67,6.7,6.7,2.645,0.018,0.0,2.016,4.911e-06,0.123,285600.0,-1.2,1.501,-1.2,1.501,6.926,,,,
0.0,0.0,0.0,0.0,0.0,0.125,46.2,41.5,25.26,22.07,7.6,7.6,2.612,0.02,0.0,1.609,4.901e-06,0.1741,316400.0,-1.399,1.533,-1.399,1.533,6.942,,,,
0.0,0.0,0.0,0.0,0.0,0.08125,43.6,40.2,22.95,20.76,8.0,8.0,2.549,0.022,0.0,2.375,4.891e-06,0.1642,347900.0,-1.191,1.576,-1.191,1.576,6.74,,,,
0.0,0.0,0.0,0.0,0.0,0.08125,44.8,39.4,21.67,19.38,6.5,6.5,2.812,0.024,0.0,1.805,4.881e-06,0.1759,377900.0,-1.409,1.604,-1.409,1.604,6.82,,,,
0.0,0.0,0.0,0.0,0.0,0.0875,44.1,38.5,21.86,19.47,5.7,5.7,2.444,0.026,0.0,1.742,4.871e-06,0.08893,410900.0,-1.561,2.009,-1.561,2.009,6.887,,,,
0.0,0.0,0.0,0.0,0.0,0.05625,44.5,38.8,19.64,17.89,6.0,6.0,2.496,0.028,0.0,2.172,4.861e-06,0.1438,442100.0,-1.073,1.484,-1.073,1.484,6.831,,,,
0.0,0.0,0.0,0.0,0.0,0.05625,42.9,33.6,19.1,17.44,5.4,5.4,2.465,0.03,0.0,1.859,4.851e-06,0.07628,474600.0,-1.116,1.817,-1.116,1.817,6.78,,,,
0.0,0.0,0.0,0.0,0.0,0.0875,46.5,38.5,21.11,18.52,5.0,5.0,2.544,0.032,0.0,2.125,4.841e-06,0.06837,506600.0,-1.314,2.134,-1.314,2.134,7.091,,,,
0.0,0.0,0.0,0.0,0.0,0.0375,42.4,36.2,19.77,18.71,7.0,7.0,2.661,0.034,0.0,2.328,4.831e-06,0.162,536100.0,-1.123,1.623,-1.123,1.623,6.657,,,,
0.0,0.0,0.0,0.0,0.0,0.075,44.8,37.6,20.99,18.69,7.2,7.2,2.326,0.036,0.0,1.844,4.821e-06,0.1109,569000.0,-0.9991,1.651,-0.9991,1.651,6.895,,,,
0.0,0.0,0.0,0.0,0.0,0.05625,41.3,36.0,18.38,16.72,4.7,4.7,2.502,0.038,0.0,2.422,4.811e-06,0.1065,599700.0,-1.441,1.978,-1.441,1.978,6.59,,,,
0.0,0.0,0.0,0.0,0.0,0.04375,38.6,34.3,18.15,16.8,5.5,5.5,2.56,0.04,0.0,2.172,4.801e-06,0.1045,631300.0,-0.6767,1.495,-0.6767,1.495,6.346,,,,
0.0,0.0,0.0,0.0,0.0,0.025,43.4,41.2,19.82,19.15,7.3,7.3,2.505,0.042,0.0,2.25,4.791e-06,0.1872,661500.0,-0.994,1.512,-0.994,1.512,6.71,,,,
0.0,0.0,0.0,0.0,0.0,0.025,40.8,35.1,18.04,17.29,5.5,5.5,2.612,0.044,0.0,2.266,4.781e-06,0.05733,693500.0,-1.027,1.651,-1.027,1.651,6.576,,,,
0.0,0.0,0.0,0.0,0.0,0.04375,43.9,38.5,19.43,18.1,6.8,6.8,2.499,0.046,0.0,2.078,4.771e-06,0.09519,723700.0,-0.8881,1.744,-0.8881,1.744,6.756,,,,
0.0,0.0,0.0,0.0,0.0,0.05625,41.9,33.1,17.18,15.45,5.7,5.7,2.545,0.048,0.0,1.812,4.761e-06,0.0784,754500.0,-0.9651,1.596,-0.9651,1.596,6.605,,,,
0.0,0.0,0.0,0.0,0.0,0.05,44.2,40.5,18.88,17.38,5.4,5.4,2.595,0.05,0.0,2.125,4.751e-06,0.1268,785900.0,-0.9768,1.635,-0.9768,1.635,6.783,,,,
0.0,0.0,0.0,0.0,0.0,0.01875,33.0,30.2,15.41,14.82,5.6,5.6,2.621,0.052,0.0,2.641,4.741e-06,0.1202,814700.0,-1.029,1.83,-1.029,1.83,5.94,,,,
0.0,0.0,0.0,0.0,0.0,0.04375,40.9,31.9,16.99,15.58,5.9,5.9,2.624,0.054,0.0,1.953,4.731e-06,0.09049,843900.0,-1.024,1.654,-1.024,1.654,6.524,,,,
0.0,0.0,0.0,0.0,0.0,0.0375,43.8,40.7,19.21,18.06,7.1,7.1,2.592,0.056,0.0,1.906,4.721e-06,0.1917,874800.0,-0.8849,1.481,-0.8849,1.481,6.762,,,,
0.0,0.0,0.0,0.0,0.0,0.025,40.2,37.2,17.59,16.8,5.9,5.9,2.581,0.058,0.0,1.586,4.711e-06,-0.01899,904200.0,-0.9992,1.685,-0.9992,1.685,6.514,,,,
0.0,0.0,0.0,0.0,0.0,0.01875,36.1,34.4,17.29,16.74,6.5,6.5,2.752,0.06,0.0,2.312,4.701e-06,0.09829,935300.0,-0.7238,1.593,-0.7238,1.593,6.174,,,,
0.0,0.0,0.0,0.0,0.0,0.0125,38.7,35.1,17.42,17.02,7.2,7.2,2.77,0.062,0.0,1.695,4.691e-06,0.0004356,965200.0,-0.994,1.527,-0.994,1.527,6.343,,,,
0.0,0.0,0.0,0.0,0.0,0.0125,39.1,37.0,18.0,17.64,6.7,6.7,2.506,0.064,0.0,2.094,4.681e-06,0.06108,995800.0,-0.7632,1.802,-0.7632,1.802,6.394,,,,
0.0,0.0,0.0,0.0,0.0,0.03125,36.8,31.5,16.93,15.87,7.1,7.1,2.758,0.066,0.0,2.094,4.671e-06,-0.05758,1028000.0,-0.9504,1.665,-0.9504,1.665,6.242,,,,
0.0,0.0,0.0,0.0,0.0,0.025,37.9,34.0,17.48,16.68,7.1,7.1,2.671,0.068,0.0,1.688,4.661e-06,0.04791,1061000.0,-0.6714,1.525,-0.6714,1.525,6.337,,,,
0.0,0.0,0.0,0.0,0.0,0.025,39.2,30.7,15.99,15.15,5.1,5.1,2.632,0.07,0.0,1.875,4.651e-06,0.04739,1090000.0,-0.8858,1.756,-0.8858,1.756,6.382,,,,
0.0,0.0,0.0,0.0,0.0,0.03125,37.0,31.8,17.66,16.74,6.9,6.9,2.463,0.072,0.0,2.172,4.641e-06,0.05798,1120000.0,-0.7189,1.541,-0.7189,1.541,6.253,,,,
0.0,0.0,0.0,0.0,0.0,0.04375,43.4,37.3,18.34,16.96,6.6,6.6,2.658,0.074,0.0,1.734,4.631e-06,0.087,1152000.0,-0.762,1.592,-0.762,1.592,6.753,,,,
0.0,0.0,0.0,0.0,0.0,0.03125,40.6,36.6,16.89,15.97,6.8,6.8,2.664,0.076,0.0,2.359,4.621e-06,0.1128,1182000.0,-0.4092,1.414,-0.4092,1.414,6.532,,,,
0.0,0.0,0.0,0.0,0.0,0.01875,37.0,34.7,16.65,16.05,6.3,6.3,2.594,0.078,0.0,3.078,4.611e-06,0.1343,1212000.0,-0.8036,1.419,-0.8036,1.419,6.277,,,,
0.0,0.0,0.0,0.0,0.0,0.025,38.2,33.8,16.34,15.54,5.2,5.2,2.615,0.08,0.0,2.578,4.601e-06,0.06633,1242000.0,-0.6061,1.473,-0.6061,1.473,6.37,,,,
0.0,0.0,0.0,0.0,0.0,0.0125,32.3,31.7,16.11,15.75,5.7,5.7,2.683,0.082,0.0,2.453,4.591e-06,-0.0269,1273000.0,-0.8698,1.498,-0.8698,1.498,5.906,,,,
0.0,0.0,0.0,0.0,0.0,0.01875,34.0,32.9,17.25,16.69,7.0,7.0,2.687,0.084,0.0,1.734,4.581e-06,0.08698,1305000.0,-0.6345,1.442,-0.6345,1.442,6.043,,,,
0.0,0.0,0.0,0.0,0.0,0.00625,30.7,28.5,15.57,15.35,6.8,6.8,2.624,0.086,0.0,2.422,4.571e-06,-0.01872,1334000.0,-0.5255,1.349,-0.5255,1.349,5.808,,,,
0.0,0.0,0.0,0.0,0.0,0.025,37.0,33.9,16.24,15.41,5.4,5.4,2.543,0.088,0.0,2.5,4.561e-06,0.08589,1365000.0,-1.013,1.671,-1.013,1.671,6.288,,,,
0.0,0.0,0.0,0.0,0.0,0.0375,38.9,30.2,16.31,15.08,7.0,7.0,2.646,0.09,0.0,2.562,4.551e-06,0.1266,1401000.0,-0.815,1.462,-0.815,1.462,6.5,,,,
0.0,0.0,0.0,0.0,0.0,0.00625,32.3,29.6,14.93,14.71,6.9,6.9,2.514,0.092,0.0,2.156,4.541e-06,0.05676,1430000.0,-0.6401,1.404,-0.6401,1.404,5.932,,,,
0.0,0.0,0.0,0.0,0.0,0.00625,29.7,28.2,14.74,14.54,6.7,6.7,2.545,0.094,0.0,3.141,4.531e-06,0.01031,1460000.0,-0.4584,1.382,-0.4584,1.382,5.687,,,,
0.0,0.0,0.0,0.0,0.0,0.025,35.0,28.8,15.94,15.15,6.8,6.8,2.637,0.096,0.0,3.109,4.521e-06,-0.03413,1490000.0,-0.8794,1.347,-0.8794,1.347,6.108,,,,
0.0,0.0,0.0,0.0,0.0,0.01875,34.4,30.4,16.03,15.4,5.6,5.6,2.681,0.098,0.0,2.469,4.511e-06,0.07835,1521000.0,-0.7276,1.618,-0.7276,1.618,6.111,,,,
0.0,0.0,0.0,0.0,0.0,0.0,30.3,30.3,14.62,14.62,5.5,5.5,2.557,0.1,0.0,1.867,4.501e-06,-0.006348,1550000.0,-0.8064,1.436,-0.8064,1.436,5.736,,,,
0.0,0.0,0.0,0.0,0.0,0.01875,34.1,26.0,15.2,14.53,6.1,6.1,2.613,0.102,0.0,2.594,4.491e-06,0.06939,1579000.0,-0.687,1.809,-0.687,1.809,6.004,,,,
0.0,0.0,0.0,0.0,0.0,0.025,35.1,31.6,16.4,15.61,6.3,6.3,2.469,0.104,0.0,2.078,4.481e-06,0.0144,1611000.0,-0.7072,1.563,-0.7072,1.563,6.159,,,,
0.0,0.0,0.0,0.0,0.0,0.00625,31.3,30.0,14.73,14.52,6.3,6.3,2.756,0.106,0.0,2.422,4.471e-06,0.02405,1640000.0,-0.4814,1.347,-0.4814,1.347,5.787,,,,
0.0,0.0,0.0,0.0,0.0,0.03125,37.6,33.6,17.02,16.05,7.3,7.3,2.576,0.108,0.0,2.328,4.461e-06,0.03206,1672000.0,-0.6128,1.435,-0.6128,1.435,6.326,,,,
0.0,0.0,0.0,0.0,0.0,0.0125,37.2,33.3,15.94,15.53,6.1,6.1,2.65,0.11,0.0,2.203,4.451e-06,0.1294,1702000.0,-0.4502,1.454,-0.4502,1.454,6.308,,,,
0.0,0.0,0.0,0.0,0.0,0.00625,32.0,31.3,15.57,15.39,7.6,7.6,2.727,0.112,0.0,2.219,4.441e-06,-0.01263,1731000.0,-0.552,1.465,-0.552,1.465,5.833,,,,
0.0,0.0,0.0,0.0,0.0,0.03125,36.5,33.3,16.37,15.4,6.5,6.5,2.621,0.114,0.0,3.094,4.431e-06,-0.02904,1760000.0,-0.8431,1.479,-0.8431,1.479,6.201,,,,
0.0,0.0,0.0,0.0,0.0,0.0,28.1,28.1,14.93,14.93,6.7,6.7,2.799,0.116,0.0,3.094,4.421e-06,1.481e-05,1789000.0,-0.6283,1.503,-0.6283,1.503,5.539,,,,
0.0,0.0,0.0,0.0,0.0,0.00625,34.8,32.7,16.39,16.2,6.9,6.9,2.638,0.118,0.0,2.812,4.411e-06,0.06255,1820000.0,-0.5071,1.327,-0.5071,1.327,6.135,,,,
0.0,0.0,0.0,0.0,0.0,0.00625,33.4,30.4,14.66,14.44,6.3,6.3,2.624,0.12,0.0,2.859,4.401e-06,0.03329,1852000.0,-0.5297,1.403,-0.5297,1.403,6.002,,,,
0.0,0.0,0.0,0.0,0.0,0.0,28.9,28.9,14.59,14.59,6.8,6.8,2.603,0.122,0.0,2.359,4.391e-06,-0.003738,1883000.0,-0.3645,1.358,-0.3645,1.358,5.632,,,,
0.0,0.0,0.0,0.0,0.0,0.0125,34.0,30.9,15.41,15.02,7.7,7.7,2.53,0.124,0.0,2.469,4.381e-06,0.05036,1916000.0,-0.5627,1.515,-0.5627,1.515,6.112,,,,
0.0,0.0,0.0,0.0,0.0,0.0,30.0,30.0,15.13,15.13,6.8,6.8,2.659,0.126,0.0,2.594,4.371e-06,0.02827,1945000.0,-0.3235,1.277,-0.3235,1.277,5.696,,,,
0.0,0.0,0.0,0.0,0.0,0.0375,42.0,32.3,16.99,15.77,6.9,6.9,2.674,0.128,0.0,3.0,4.361e-06,0.08794,1977000.0,-0.6238,1.454,-0.6238,1.454,6.657,,,,
0.0,0.0,0.0,0.0,0.0,0.0125,35.2,33.4,16.27,15.9,8.3,8.3,2.636,0.13,0.0,2.172,4.351e-06,0.04421,2007000.0,-0.4036,1.365,-0.4036,1.365,6.109,,,,
0.0,0.0,0.0,0.0,0.0,0.0,31.8,31.8,16.86,16.86,7.3,7.3,2.561,0.132,0.0,2.328,4.341e-06,-0.0227,2036000.0,-0.5725,1.34,-0.5725,1.34,5.881,,,,
0.0,0.0,0.0,0.0,0.0,0.00625,30.9,28.9,15.44,15.24,7.6,7.6,2.669,0.134,0.0,2.578,4.331e-06,-0.004918,2065000.0,-0.3465,1.284,-0.3465,1.284,5.76,,,,
0.0,0.0,0.0,0.0,0.0,0.0625,36.5,31.2,17.89,15.96,7.3,7.3,2.665,0.136,0.0,1.93,4.321e-06,-0.04484,2096000.0,-0.4513,1.441,-0.4513,1.441,6.206,,,,
0.0,0.0,0.0,0.0,0.0,0.0,31.3,31.3,15.17,15.17,7.9,7.9,2.586,0.138,0.0,2.906,4.311e-06,0.05569,2125000.0,-0.3906,1.252,-0.3906,1.252,5.805,,,,
0.0,0.0,0.0,0.0,0.0,0.00625,32.2,29.9,15.76,15.55,7.5,7.5,2.694,0.14,0.0,2.734,4.301e-06,0.07266,2155000.0,-0.5805,1.77,-0.5805,1.77,5.932,,,,
0.0,0.0,0.0,0.0,0.0,0.01875,34.0,30.9,15.72,15.11,6.9,6.9,2.578,0.142,0.0,2.641,4.291e-06,0.0601,2185000.0,-0.3772,1.362,-0.3772,1.362,6.03,,,,
0.0,0.0,0.0,0.0,0.0,0.025,35.7,30.0,17.69,16.95,7.7,7.7,2.495,0.144,0.0,2.391,4.281e-06,0.02369,2217000.0,-0.4926,1.348,-0.4926,1.348,6.189,,,,
0.0,0.0,0.0,0.0,0.0,0.00625,31.5,29.0,15.9,15.69,7.1,7.1,2.57,0.146,0.0,2.156,4.271e-06,0.05976,2246000.0,-0.2836,1.29,-0.2836,1.29,5.854,,,,
0.0,0.0,0.0,0.0,0.0,0.01875,32.3,27.0,14.93,14.29,7.7,7.7,2.601,0.148,0.0,2.469,4.261e-06,0.04424,2278000.0,-0.3943,1.387,-0.3943,1.387,5.939,,,,
0.0,0.0,0.0,0.0,0.0,0.025,36.8,33.3,17.69,16.94,8.5,8.5,2.621,0.15,0.0,2.016,4.251e-06,0.0549,2310000.0,-0.4699,1.447,-0.4699,1.447,6.253,,,,
0.0,0.0,0.0,0.0,0.0,0.00625,29.4,26.4,13.33,13.11,6.8,6.8,2.768,0.152,0.0,3.781,4.241e-06,0.08492,2339000.0,-0.2872,1.351,-0.2872,1.351,5.652,,,,
0.0,0.0,0.0,0.0,0.0,0.03125,33.5,28.0,15.53,14.48,6.9,6.9,2.631,0.154,0.0,2.406,4.231e-06,0.006359,2369000.0,-0.571,1.407,-0.571,1.407,6.013,,,,
0.0,0.0,0.0,0.0,0.0,0.01875,33.1,32.2,17.27,16.69,7.2,7.2,2.587,0.156,0.0,2.688,4.221e-06,0.05547,2399000.0,-0.5263,1.514,-0.5263,1.514,5.982,,,,
0.0,0.0,0.0,0.0,0.0,0.0,33.0,33.0,16.01,16.01,6.6,6.6,2.62,0.158,0.0,2.703,4.211e-06,0.07982,2428000.0,-0.3348,1.475,-0.3348,1.475,6.011,,,,
0.0,0.0,0.0,0.0,0.0,0.0,27.4,27.4,14.94,14.94,7.2,7.2,2.449,0.16,0.0,2.344,4.201e-06,-0.03637,2457000.0,-0.2565,1.329,-0.2565,1.329,5.609,,,,
0.0,0.0,0.0,0.0,0.0,0.01875,35.1,30.6,15.41,14.8,6.7,6.7,2.677,0.162,0.0,2.156,4.191e-06,0.008392,2486000.0,-0.511,1.329,-0.511,1.329,6.193,,,,
0.0,0.0,0.0,0.0,0.0,0.01875,32.6,25.8,14.63,13.99,6.8,6.8,2.56,0.164,0.0,2.547,4.181e-06,0.04666,2516000.0,-0.02725,1.341,-0.02725,1.341,5.96,,,,
0.0,0.0,0.0,0.0,0.0,0.01875,34.1,30.1,15.46,14.85,6.8,6.8,2.703,0.166,0.0,2.109,4.171e-06,0.02095,2547000.0,-0.3106,1.365,-0.3106,1.365,6.084,,,,
0.0,0.0,0.0,0.0,0.0,0.01875,33.2,26.3,14.82,14.18,6.8,6.8,2.72,0.168,0.0,2.594,4.161e-06,0.02191,2577000.0,-0.1605,1.329,-0.1605,1.329,5.991,,,,
0.0,0.0,0.0,0.0,0.0,0.04375,40.1,33.7,16.86,15.44,7.1,7.1,2.504,0.17,0.0,2.062,4.151e-06,0.007275,2608000.0,-0.3881,1.331,-0.3881,1.331,6.524,,,,
0.0,0.0,0.0,0.0,0.0,0.0,29.8,29.8,16.02,16.02,7.7,7.7,2.644,0.172,0.0,2.797,4.141e-06,-0.01482,2640000.0,-0.192,1.216,-0.192,1.216,5.742,,,,
0.0,0.0,0.0,0.0,0.0,0.0125,30.6,24.7,14.39,13.94,6.9,6.9,2.594,0.174,0.0,2.5,4.131e-06,-0.05361,2669000.0,-0.2423,1.237,-0.2423,1.237,5.801,,,,
0.0,0.0,0.0,0.0,0.0,0.0125,30.7,26.5,13.74,13.32,6.8,6.8,2.629,0.176,0.0,2.328,4.121e-06,0.06283,2697000.0,-0.09207,1.241,-0.09207,1.241,5.777,,,,
0.0,0.0,0.0,0.0,0.0,0.0125,31.7,29.0,15.0,14.56,7.5,7.5,2.618,0.178,0.0,2.594,4.111e-06,-0.0007691,2729000.0,-0.1568,1.292,-0.1568,1.292,5.894,,,,
0.0,0.0,0.0,0.0,0.0,0.05,36.8,32.1,16.96,15.37,7.8,7.8,2.434,0.18,0.0,2.844,4.101e-06,0.0461,2767000.0,-0.5374,1.458,-0.5374,1.458,6.383,,,,
0.0,0.0,0.0,0.0,0.0,0.0,30.3,30.3,15.39,15.39,6.9,6.9,2.48,0.182,0.0,3.219,4.091e-06,0.02886,2796000.0,-0.2845,1.312,-0.2845,1.312,5.756,,,,
0.0,0.0,0.0,0.0,0.0,0.0,29.0,29.0,15.25,15.25,7.8,7.8,2.65,0.184,0.0,1.789,4.081e-06,0.02505,2825000.0,-0.1623,1.289,-0.1623,1.289,5.656,,,,
0.0,0.0,0.0,0.0,0.0,0.00625,28.9,27.5,14.9,14.7,6.8,6.8,2.543,0.186,0.0,2.031,4.071e-06,-0.03603,2855000.0,-0.3218,1.407,-0.3218,1.407,5.647,,,,
0.0,0.0,0.0,0.0,0.0,0.0,33.1,33.1,15.81,15.81,7.4,7.4,2.547,0.188,0.0,2.625,4.061e-06,-0.05296,2885000.0,-0.524,1.468,-0.524,1.468,6.02,,,,
0.0,0.0,0.0,0.0,0.0,0.00625,29.0,26.6,14.45,14.24,7.0,7.0,2.822,0.19,0.0,2.406,4.051e-06,0.03256,2915000.0,-0.3363,1.539,-0.3363,1.539,5.678,,,,
0.0,0.0,0.0,0.0,0.0,0.0,30.3,30.3,16.09,16.09,7.6,7.6,2.66,0.192,0.0,2.266,4.041e-06,0.01388,2944000.0,-0.5875,1.318,-0.5875,1.318,5.768,,,,
0.0,0.0,0.0,0.0,0.0,0.0,30.8,30.8,15.22,15.22,7.4,7.4,2.727,0.194,0.0,5.219,4.031e-06,0.03727,2974000.0,-0.2422,1.253,-0.2422,1.253,5.794,,,,
0.0,0.0,0.0,0.0,0.0,0.00625,33.5,30.9,16.21,16.0,7.4,7.4,2.609,0.196,0.0,1.977,4.021e-06,0.00689,3004000.0,-0.5231,1.296,-0.5231,1.296,6.041,,,,
0.0,0.0,0.0,0.0,0.0,0.01875,33.6,29.0,16.22,15.58,7.8,7.8,2.544,0.198,0.0,2.297,4.011e-06,0.03224,3034000.0,-0.2479,1.295,-0.2479,1.295,6.092,,,,
0.0,0.0,0.0,0.0,0.0,0.01875,27.7,23.7,14.72,14.1,7.4,7.4,2.704,0.2,0.0,2.703,4.001e-06,0.02113,3063000.0,-0.4727,1.535,-0.4727,1.535,5.588,,,,
0.0,0.0,0.0,0.0,0.0,0.025,32.0,28.3,16.42,15.6,7.5,7.5,2.523,0.202,0.0,2.031,3.991e-06,0.02213,3093000.0,-0.2218,1.241,-0.2218,1.241,5.977,,,,
0.0,0.0,0.0,0.0,0.0,0.0125,32.9,29.9,16.36,15.97,7.5,7.5,2.664,0.204,0.0,1.828,3.981e-06,0.02998,3125000.0,-0.3789,1.318,-0.3789,1.318,6.027,,,,
0.0,0.0,0.0,0.0,0.0,0.0125,30.3,27.4,15.73,15.36,8.2,8.2,2.594,0.206,0.0,2.938,3.971e-06,0.03914,3154000.0,-0.07457,1.288,-0.07457,1.288,5.771,,,,
0.0,0.0,0.0,0.0,0.0,0.0125,31.6,30.2,16.39,16.01,7.5,7.5,2.39,0.208,0.0,3.047,3.961e-06,0.06373,3185000.0,-0.1531,1.148,-0.1531,1.148,5.944,,,,
0.0,0.0,0.0,0.0,0.0,0.05,37.1,32.0,17.09,15.6,7.4,7.4,2.485,0.21,0.0,2.172,3.951e-06,-0.004865,3218000.0,-0.3062,1.357,-0.3062,1.357,6.359,,,,
0.0,0.0,0.0,0.0,0.0,0.025,35.5,34.5,17.88,17.16,7.3,7.3,2.478,0.212,0.0,1.609,3.941e-06,-0.02849,3248000.0,-0.3137,1.242,-0.3137,1.242,6.167,,,,
0.0,0.0,0.0,0.0,0.0,0.0,29.2,29.2,14.79,14.79,7.8,7.8,2.551,0.214,0.0,2.531,3.931e-06,0.1181,3278000.0,-0.34,1.221,-0.34,1.221,5.708,,,,
0.0,0.0,0.0,0.0,0.0,0.0125,32.6,31.4,16.56,16.18,7.4,7.4,2.564,0.216,0.0,2.062,3.921e-06,-0.02248,3309000.0,-0.251,1.327,-0.251,1.327,6.015,,,,
0.0,0.0,0.0,0.0,0.0,0.01875,40.4,36.6,17.54,16.96,7.1,7.1,2.338,0.218,0.0,2.562,3.911e-06,0.1082,3339000.0,-0.2965,1.257,-0.2965,1.257,6.556,,,,
0.0,0.0,0.0,0.0,0.0,0.0,31.1,31.1,15.57,15.57,8.2,8.2,2.596,0.22,0.0,2.344,3.901e-06,0.01225,3368000.0,-0.2014,1.262,-0.2014,1.262,5.838,,,,
0.0,0.0,0.0,0.0,0.0,0.00625,34.3,33.6,15.07,14.88,7.3,7.3,2.627,0.222,0.0,2.359,3.891e-06,0.03518,3397000.0,-0.1861,1.247,-0.1861,1.247,6.126,,,,
0.0,0.0,0.0,0.0,0.0,0.00625,32.1,30.9,16.21,16.01,8.1,8.1,2.53,0.224,0.0,2.953,3.881e-06,0.005267,3430000.0,-0.2594,1.195,-0.2594,1.195,5.979,,,,
0.0,0.0,0.0,0.0,0.0,0.0,30.1,30.1,14.31,14.31,7.7,7.7,2.629,0.226,0.0,2.75,3.871e-06,0.009071,3458000.0,-0.05142,1.25,-0.05142,1.25,5.755,,,,
0.0,0.0,0.0,0.0,0.0,0.00625,29.0,26.3,14.51,14.3,7.8,7.8,2.624,0.228,0.0,2.391,3.861e-06,-0.007078,3487000.0,-0.3129,1.438,-0.3129,1.438,5.674,,,,
0.0,0.0,0.0,0.0,0.0,0.01875,32.6,29.1,16.27,15.7,8.1,8.1,2.603,0.23,0.0,2.531,3.851e-06,0.01406,3517000.0,-0.3208,1.405,-0.3208,1.405,6.004,,,,
0.0,0.0,0.0,0.0,0.0,0.0125,33.5,32.6,15.04,14.66,7.3,7.3,2.688,0.232,0.0,2.062,3.841e-06,0.02817,3547000.0,-0.07186,1.297,-0.07186,1.297,6.06,,,,
0.0,0.0,0.0,0.0,0.0,0.00625,31.4,31.4,14.18,14.01,6.3,6.3,2.808,0.234,0.0,3.312,3.831e-06,0.04559,3576000.0,-0.4376,1.843,-0.4376,1.843,5.879,,,,
0.0,0.0,0.0,0.0,0.0,0.0125,32.5,30.6,16.64,16.26,8.1,8.1,2.468,0.236,0.0,2.156,3.821e-06,0.042,3607000.0,-0.266,1.314,-0.266,1.314,5.987,,,,
0.0,0.0,0.0,0.0,0.0,0.00625,32.1,29.2,15.6,15.39,7.8,7.8,2.562,0.238,0.0,3.312,3.811e-06,-0.001925,3638000.0,-0.5452,1.611,-0.5452,1.611,5.987,,,,
0.0,0.0,0.0,0.0,0.0,0.0,28.7,28.7,14.8,14.8,7.2,7.2,2.414,0.24,0.0,2.172,3.801e-06,0.008944,3669000.0,-0.4399,1.506,-0.4399,1.506,5.674,,,,
0.0,0.0,0.0,0.0,0.0,0.025,34.0,30.4,16.41,15.64,7.5,7.5,2.487,0.242,0.0,2.734,3.791e-06,0.0243,3702000.0,-0.4785,1.286,-0.4785,1.286,6.136,,,,
0.0,0.0,0.0,0.0,0.0,0.00625,32.3,29.9,15.81,15.58,7.8,7.8,2.414,0.244,0.0,2.312,3.781e-06,0.04626,3731000.0,-0.2498,1.287,-0.2498,1.287,5.994,,,,
0.0,0.0,0.0,0.0,0.0,0.025,31.2,25.4,15.85,15.05,7.7,7.7,2.578,0.246,0.0,2.672,3.771e-06,0.03158,3760000.0,-0.2709,1.256,-0.2709,1.256,5.872,,,,
0.0,0.0,0.0,0.0,0.0,0.0,28.4,28.4,14.84,14.84,7.5,7.5,2.424,0.248,0.0,2.859,3.761e-06,0.01525,3789000.0,-0.1461,1.242,-0.1461,1.242,5.633,,,,
0.0,0.0,0.0,0.0,0.0,0.01875,36.1,31.2,16.84,16.25,7.8,7.8,2.528,0.25,0.0,2.5,3.751e-06,-0.00558,3818000.0,-0.2661,1.257,-0.2661,1.257,6.228,,,,
0.0,0.0,0.0,0.0,0.0,0.025,34.7,29.7,16.07,15.27,7.3,7.3,2.395,0.252,0.05,2.359,3.741e-06,-0.0202,3847000.0,-0.4925,1.573,-0.4925,1.573,6.182,,,,
0.0,0.0,0.0,0.0,0.0,0.0,29.4,29.4,15.06,15.06,8.1,8.1,2.555,0.254,0.0,2.75,3.731e-06,-0.04167,3876000.0,-0.2621,1.276,-0.2621,1.276,5.713,,,,
0.0,0.0,0.0,0.0,0.0,0.0,33.4,33.4,16.06,16.06,8.2,8.2,2.515,0.256,0.0,2.078,3.721e-06,0.01148,3906000.0,0.1145,1.088,0.1145,1.088,6.039,,,,
0.0,0.0,0.0,0.0,0.0,0.03125,39.0,34.3,18.4,17.46,8.8,8.8,2.687,0.258,0.0,2.344,3.711e-06,0.01756,3936000.0,0.02095,1.089,0.02095,1.089,6.543,,,,
0.0,0.0,0.0,0.0,0.0,0.01875,31.7,30.3,16.32,15.76,7.6,7.6,2.442,0.26,0.0,2.406,3.701e-06,-0.01563,3966000.0,-0.1767,1.177,-0.1767,1.177,5.913,,,,
0.0,0.0,0.0,0.0,0.0,0.01875,35.3,31.2,16.29,15.63,7.5,7.5,2.51,0.262,0.0,2.438,3.691e-06,0.06451,3997000.0,-0.325,1.343,-0.325,1.343,6.226,,,,
0.0,0.0,0.0,0.0,0.0,0.01875,34.8,32.4,17.12,16.57,6.9,6.9,2.525,0.264,0.025,2.391,3.681e-06,-0.02483,4026000.0,-0.4029,1.311,-0.4029,1.311,6.158,,,,
0.0,0.0,0.0,0.0,0.0,0.025,37.9,31.2,16.02,15.23,6.8,6.8,2.472,0.266,0.0,2.938,3.671e-06,0.09936,4055000.0,-0.2754,1.282,-0.2754,1.282,6.469,,,,
0.0,0.0,0.0,0.0,0.0,0.01875,37.8,31.9,17.34,16.74,8.4,8.4,2.599,0.268,0.0,2.281,3.661e-06,0.07223,4085000.0,-0.02659,1.165,-0.02659,1.165,6.396,,,,
0.0,0.0,0.0,0.0,0.0,0.0,30.4,30.4,15.45,15.45,7.5,7.5,2.588,0.27,0.0,2.828,3.651e-06,0.0003527,4114000.0,0.02021,1.159,0.02021,1.159,5.802,,,,
0.0,0.0,0.0,0.0,0.0,0.01875,34.1,30.8,16.19,15.63,7.4,7.4,2.534,0.272,0.0,3.141,3.641e-06,0.0888,4144000.0,-0.07506,1.198,-0.07506,1.198,6.105,,,,
0.0,0.0,0.0,0.0,0.0,0.0125,36.7,35.1,16.49,16.1,8.0,8.0,2.719,0.274,0.0,2.703,3.631e-06,0.0579,4174000.0,-0.1403,1.299,-0.1403,1.299,6.36,,,,
0.0,0.0,0.0,0.0,0.0,0.0125,30.8,26.2,14.97,14.57,8.2,8.2,2.538,0.276,0.0,2.266,3.621e-06,-0.03566,4203000.0,-0.1696,1.213,-0.1696,1.213,5.835,,,,
0.0,0.0,0.0,0.0,0.0,0.00625,34.8,33.7,16.8,16.61,7.3,7.3,2.387,0.278,0.0,2.422,3.611e-06,0.0369,4232000.0,-0.2182,1.287,-0.2182,1.287,6.181,,,,
0.0,0.0,0.0,0.0,0.0,0.025,39.3,33.2,16.45,15.65,8.4,8.4,2.501,0.28,0.0,2.391,3.601e-06,0.006597,4262000.0,-0.04047,1.164,-0.04047,1.164,6.571,,,,
0.0,0.0,0.0,0.0,0.0,0.03125,35.6,30.8,18.04,17.1,7.7,7.7,2.481,0.282,0.0,1.922,3.591e-06,0.04859,4295000.0,-0.2714,1.244,-0.2714,1.244,6.313,,,,
0.0,0.0,0.0,0.0,0.0,0.0125,31.7,28.2,16.2,15.83,6.9,6.9,2.482,0.284,0.0,3.125,3.581e-06,-0.0005905,4326000.0,-0.1999,1.245,-0.1999,1.245,5.974,,,,
0.0,0.0,0.0,0.0,0.0,0.0,27.2,27.2,15.29,15.29,8.1,8.1,2.582,0.286,0.0,3.156,3.571e-06,0.01646,4356000.0,-0.3013,1.381,-0.3013,1.381,5.59,,,,
0.0,0.0,0.0,0.0,0.0,0.00625,34.7,32.7,16.37,16.18,7.8,7.8,2.529,0.288,0.0,2.141,3.561e-06,0.02283,4388000.0,-0.4827,1.434,-0.4827,1.434,6.238,,,,
0.0,0.0,0.0,0.0,0.0,0.0125,34.5,29.9,17.54,17.13,8.4,8.4,2.397,0.29,0.0,2.375,3.551e-06,-0.004655,4419000.0,-0.1933,1.291,-0.1933,1.291,6.147,,,,
0.0,0.0,0.0,0.0,0.0,0.00625,33.8,32.4,16.6,16.4,8.1,8.1,2.486,0.292,0.0,2.203,3.541e-06,0.04841,4449000.0,-0.3528,1.424,-0.3528,1.424,6.109,,,,
0.0,0.0,0.0,0.0,0.0,0.03125,37.0,33.3,17.19,16.15,7.1,7.1,2.586,0.294,0.0,2.422,3.531e-06,0.07895,4479000.0,-0.2895,1.338,-0.2895,1.338,6.401,,,,
0.0,0.0,0.0,0.0,0.0,0.01875,31.3,26.2,16.38,15.75,7.9,7.9,2.369,0.296,0.0,3.375,3.521e-06,0.002276,4510000.0,-0.1953,1.312,-0.1953,1.312,5.934,,,,
0.0,0.0,0.0,0.0,0.0,0.0,30.9,30.9,16.3,16.3,8.5,8.5,2.462,0.298,0.0,2.547,3.511e-06,-0.05978,4540000.0,0.07436,1.235,0.07436,1.235,5.855,,,,
0.0,0.0,0.0,0.0,0.0,0.0125,33.6,31.0,16.43,16.03,8.1,8.1,2.543,0.3,0.0,2.516,3.501e-06,0.13,4570000.0,-0.2507,1.296,-0.2507,1.296,6.089,,,,
0.0,0.0,0.0,0.0,0.0,0.01875,35.2,32.2,16.39,15.83,8.0,8.0,2.616,0.302,0.0,3.859,3.491e-06,0.07807,4603000.0,-0.2734,1.325,-0.2734,1.325,6.281,,,,
0.0,0.0,0.0,0.0,0.0,0.0125,30.7,30.0,15.52,15.17,8.3,8.3,2.625,0.304,0.0,3.219,3.481e-06,0.08667,4633000.0,-0.147,1.298,-0.147,1.298,5.873,,,,
0.0,0.0,0.0,0.0,0.0,0.0,31.3,31.3,15.27,15.27,8.2,8.2,2.464,0.306,0.0,2.172,3.471e-06,-0.01812,4662000.0,-0.3057,1.412,-0.3057,1.412,5.913,,,,
0.0,0.0,0.0,0.0,0.0,0.0,30.6,30.6,15.62,15.62,7.8,7.8,2.465,0.308,0.0,2.344,3.461e-06,-0.0599,4692000.0,-0.1541,1.148,-0.1541,1.148,5.85,,,,
0.0,0.0,0.0,0.0,0.0,0.01875,33.1,28.9,15.57,14.91,7.5,7.5,2.587,0.31,0.0,2.469,3.451e-06,-0.01845,4723000.0,-0.1225,1.292,-0.1225,1.292,6.115,,,,
0.0,0.0,0.0,0.0,0.0,0.0375,36.0,30.7,17.72,16.58,8.5,8.5,2.208,0.312,0.0,2.172,3.441e-06,0.002368,4754000.0,-0.1179,1.22,-0.1179,1.22,6.277,,,,
0.0,0.0,0.0,0.0,0.0,0.025,40.2,36.0,16.23,15.4,7.2,7.2,2.547,0.314,0.025,2.594,3.431e-06,0.1026,4785000.0,-0.1655,1.281,-0.1655,1.281,6.627,,,,
0.0,0.0,0.0,0.0,0.0,0.0125,34.4,30.3,16.0,15.59,8.1,8.1,2.519,0.316,0.0,2.094,3.421e-06,0.01709,4816000.0,-0.0498,1.211,-0.0498,1.211,6.23,,,,
0.0,0.0,0.0,0.0,0.0,0.0,33.9,33.9,15.84,15.84,7.7,7.7,2.52,0.318,0.0,2.375,3.411e-06,0.0766,4845000.0,-0.1084,1.229,-0.1084,1.229,6.087,,,,
0.0,0.0,0.0,0.0,0.0,0.0125,33.3,30.3,16.69,16.32,8.0,8.0,2.322,0.32,0.0,2.297,3.401e-06,0.01844,4874000.0,-0.09699,1.22,-0.09699,1.22,6.049,,,,
0.0,0.0,0.0,0.0,0.0,0.01875,37.5,30.6,16.81,16.19,7.4,7.4,2.505,0.322,0.0,2.469,3.391e-06,0.101,4905000.0,-0.1501,1.179,-0.1501,1.179,6.394,,,,
0.0,0.0,0.0,0.0,0.0,0.01875,36.8,31.8,16.87,16.28,8.7,8.7,2.667,0.324,0.0,2.016,3.381e-06,0.04765,4933000.0,-0.2714,1.285,-0.2714,1.285,6.328,,,,
0.0,0.0,0.0,0.0,0.0,0.0,33.8,33.8,15.98,15.98,7.3,7.3,2.502,0.326,0.0,2.438,3.371e-06,0.06508,4964000.0,-0.3183,1.296,-0.3183,1.296,6.104,,,,
0.0,0.0,0.0,0.0,0.0,0.0,31.6,31.6,15.25,15.25,6.7,6.7,2.666,0.328,0.0,2.938,3.361e-06,-0.04104,4992000.0,-0.1895,1.192,-0.1895,1.192,5.949,,,,
0.0,0.0,0.0,0.0,0.0,0.025,39.1,35.4,16.46,15.67,6.2,6.2,2.47,0.33,0.0,2.172,3.351e-06,0.02974,5024000.0,-0.1988,1.28,-0.1988,1.28,6.619,,,,
0.0,0.0,0.0,0.0,0.0,0.01875,33.6,29.3,16.61,15.95,8.1,8.1,2.458,0.332,0.0,4.188,3.341e-06,0.05588,5054000.0,-0.2422,1.285,-0.2422,1.285,6.138,,,,
0.0,0.0,0.0,0.0,0.0,0.00625,32.4,31.1,16.38,16.21,8.1,8.1,2.539,0.334,0.0,3.328,3.331e-06,0.03634,5083000.0,-0.1189,1.332,-0.1189,1.332,6.004,,,,
0.0,0.0,0.0,0.0,0.0,0.025,34.4,31.3,17.07,16.28,8.3,8.3,2.403,0.336,0.0,1.773,3.321e-06,0.061,5115000.0,-0.08984,1.247,-0.08984,1.247,6.182,,,,
0.0,0.0,0.0,0.0,0.0,0.0375,35.0,31.3,17.94,16.81,8.0,8.0,2.529,0.338,0.0,3.141,3.311e-06,-0.03329,5146000.0,-0.1285,1.213,-0.1285,1.213,6.243,,,,
0.0,0.0,0.0,0.0,0.0,0.00625,36.8,35.5,16.45,16.23,7.5,7.5,2.501,0.34,0.0,1.727,3.301e-06,0.06952,5177000.0,-0.2098,1.245,-0.2098,1.245,6.321,,,,
0.0,0.0,0.0,0.0,0.0,0.00625,29.5,27.8,16.18,16.0,7.6,7.6,2.356,0.342,0.0,2.062,3.291e-06,-0.006442,5206000.0,-0.1191,1.165,-0.1191,1.165,5.747,,,,
0.0,0.0,0.0,0.0,0.0,0.00625,34.8,33.1,16.22,16.02,7.6,7.6,2.561,0.344,0.0,2.422,3.281e-06,0.02356,5236000.0,-0.09338,1.238,-0.09338,1.238,6.217,,,,
0.0,0.0,0.0,0.0,0.0,0.01875,34.1,31.2,16.82,16.25,7.8,7.8,2.491,0.346,0.0,1.852,3.271e-06,-0.004699,5268000.0,-0.1042,1.172,-0.1042,1.172,6.165,,,,
0.0,0.0,0.0,0.0,0.0,0.025,41.1,37.1,18.38,17.64,7.7,7.7,2.357,0.348,0.0,2.141,3.261e-06,0.04728,5300000.0,-0.2589,1.209,-0.2589,1.209,6.707,,,,
0.0,0.0,0.0,0.0,0.0,0.01875,35.4,30.2,15.94,15.27,7.8,7.8,2.425,0.35,0.0,2.094,3.251e-06,0.07036,5329000.0,-0.05304,1.147,-0.05304,1.147,6.232,,,,
0.0,0.0,0.0,0.0,0.0,0.01875,37.0,31.4,17.83,17.22,8.0,8.0,2.471,0.352,0.0,1.953,3.241e-06,0.08567,5359000.0,-0.2127,1.257,-0.2127,1.257,6.371,,,,
0.0,0.0,0.0,0.0,0.0,0.01875,33.0,31.8,16.46,15.92,7.6,7.6,2.69,0.354,0.0,2.281,3.231e-06,0.01708,5389000.0,-0.0374,1.107,-0.0374,1.107,6.07,,,,
0.0,0.0,0.0,0.0,0.0,0.0,31.3,31.3,15.51,15.51,6.7,6.7,2.523,0.356,0.0,2.0,3.221e-06,0.01639,5420000.0,-0.2004,1.327,-0.2004,1.327,5.943,,,,
0.0,0.0,0.0,0.0,0.0,0.0,31.4,31.4,15.42,15.42,7.8,7.8,2.4,0.358,0.0,2.5,3.211e-06,0.009618,5449000.0,0.05888,1.068,0.05888,1.068,5.975,,,,
0.0,0.0,0.0,0.0,0.0,0.0125,31.4,29.5,16.31,15.92,7.7,7.7,2.397,0.36,0.0,2.031,3.201e-06,0.04834,5480000.0,0.03498,1.127,0.03498,1.127,5.93,,,,
0.0,0.0,0.0,0.0,0.0,0.00625,33.8,33.7,16.7,16.52,7.9,7.9,2.464,0.362,0.0,3.234,3.191e-06,0.06068,5511000.0,-0.2281,1.326,-0.2281,1.326,6.143,,,,
0.0,0.0,0.0,0.0,0.0,0.0125,34.8,30.6,16.07,15.63,7.4,7.4,2.45,0.364,0.0,3.25,3.181e-06,-0.006231,5541000.0,-0.1124,1.232,-0.1124,1.232,6.241,,,,
0.0,0.0,0.0,0.0,0.0,0.0125,29.5,27.2,14.63,14.24,7.5,7.5,2.541,0.366,0.0,2.625,3.171e-06,0.05357,5573000.0,-0.1322,1.198,-0.1322,1.198,5.817,,,,
0.0,0.0,0.0,0.0,0.0,0.0,27.4,27.4,15.16,15.16,7.0,7.0,2.628,0.368,0.0,2.484,3.161e-06,0.04591,5603000.0,-0.1933,1.266,-0.1933,1.266,5.607,,,,
0.0,0.0,0.0,0.0,0.0,0.00625,31.3,29.8,15.1,14.9,7.3,7.3,2.536,0.37,0.0,3.281,3.151e-06,0.04131,5631000.0,-0.08268,1.206,-0.08268,1.206,5.933,,,,
0.0,0.0,0.0,0.0,0.0,0.00625,32.5,31.9,15.16,14.95,7.9,7.9,2.414,0.372,0.0,2.75,3.141e-06,0.03728,5665000.0,-0.1742,1.248,-0.1742,1.248,6.063,,,,
0.0,0.0,0.0,0.0,0.0,0.0,33.6,33.6,15.53,15.53,7.2,7.2,2.604,0.374,0.0,2.906,3.131e-06,0.0159,5694000.0,-0.2463,1.224,-0.2463,1.224,6.085,,,,
0.0,0.0,0.0,0.0,0.0,0.0125,34.0,32.1,16.57,16.18,7.8,7.8,2.515,0.376,0.0,2.422,3.121e-06,0.03171,5723000.0,-0.3249,1.294,-0.3249,1.294,6.153,,,,
0.0,0.0,0.0,0.0,0.0,0.01875,34.9,32.3,17.43,16.87,6.6,6.6,2.436,0.378,0.0,3.016,3.111e-06,0.01494,5755000.0,-0.2789,1.274,-0.2789,1.274,6.222,,,,
0.0,0.0,0.0,0.0,0.0,0.00625,33.5,31.9,17.73,17.54,9.2,9.2,2.174,0.38,0.0,2.312,3.101e-06,-0.01294,5784000.0,-0.258,1.302,-0.258,1.302,6.095,,,,
0.0,0.0,0.0,0.0,0.0,0.0125,34.3,31.3,16.41,16.02,7.9,7.9,2.426,0.382,0.0,2.656,3.091e-06,0.04709,5813000.0,-0.1079,1.167,-0.1079,1.167,6.154,,,,
0.0,0.0,0.0,0.0,0.0,0.00625,30.6,29.2,16.37,16.18,8.0,8.0,2.465,0.384,0.0,3.453,3.081e-06,0.04779,5844000.0,-0.01665,1.098,-0.01665,1.098,5.933,,,,
0.0,0.0,0.0,0.0,0.0,0.025,35.2,31.8,17.25,16.47,8.7,8.7,2.563,0.386,0.0,1.977,3.071e-06,0.0317,5875000.0,-0.1396,1.348,-0.1396,1.348,6.3,,,,
0.0,0.0,0.0,0.0,0.0,0.01875,35.2,33.7,17.21,16.69,8.0,8.0,2.458,0.388,0.0,1.875,3.061e-06,0.0612,5904000.0,-0.317,1.314,-0.317,1.314,6.256,,,,
0.0,0.0,0.0,0.0,0.0,0.00625,31.1,30.8,16.11,15.94,7.8,7.8,2.445,0.39,0.0,1.953,3.051e-06,0.08666,5933000.0,-0.3075,1.261,-0.3075,1.261,6.005,,,,
0.0,0.0,0.0,0.0,0.0,0.01875,34.0,30.3,16.89,16.29,7.7,7.7,2.492,0.392,0.0,2.734,3.041e-06,0.007227,5965000.0,-0.1927,1.438,-0.1927,1.438,6.202,,,,
0.0,0.0,0.0,0.0,0.0,0.025,32.8,30.0,16.11,15.39,6.9,6.9,2.503,0.394,0.0,2.703,3.031e-06,0.04057,5998000.0,-0.2881,1.384,-0.2881,1.384,6.146,,,,
0.0,0.0,0.0,0.0,0.0,0.0125,33.4,30.1,16.18,15.79,7.9,7.9,2.38,0.396,0.0,2.047,3.021e-06,0.06713,6027000.0,-0.04701,1.152,-0.04701,1.152,6.171,,,,
0.0,0.0,0.0,0.0,0.0,0.0125,32.1,29.1,16.38,16.02,7.5,7.5,2.475,0.398,0.0,1.93,3.011e-06,-0.01898,6060000.0,-0.2491,1.422,-0.2491,1.422,6.074,,,,
0.0,0.0,0.0,0.0,0.0,0.0,34.7,34.7,16.91,16.91,8.0,8.0,2.371,0.4,0.0,1.836,3.001e-06,0.03622,6090000.0,-0.1615,1.264,-0.1615,1.264,6.292,,,,
0.0,0.0,0.0,0.0,0.0,0.00625,28.1,26.7,15.06,14.87,7.4,7.4,2.461,0.402,0.0,2.922,2.991e-06,-0.003546,6118000.0,-0.08426,1.269,-0.08426,1.269,5.732,,,,
0.0,0.0,0.0,0.0,0.0,0.025,34.2,28.8,15.68,14.84,7.6,7.6,2.456,0.404,0.0,2.719,2.981e-06,-0.0006854,6149000.0,-0.06388,1.208,-0.06388,1.208,6.266,,,,
0.0,0.0,0.0,0.0,0.0,0.00625,31.8,29.3,15.46,15.25,7.5,7.5,2.529,0.406,0.0,2.828,2.971e-06,0.02192,6179000.0,-0.3256,1.394,-0.3256,1.394,6.126,,,,
0.0,0.0,0.0,0.0,0.0,0.04375,32.6,28.2,16.27,14.9,7.9,7.9,2.43,0.408,0.0,3.125,2.961e-06,-0.02387,6210000.0,-0.1693,1.246,-0.1693,1.246,6.283,,,,
0.0,0.0,0.0,0.0,0.0,0.0,32.1,32.1,16.23,16.23,8.3,8.3,2.499,0.41,0.0,3.109,2.951e-06,0.06977,6239000.0,0.005426,1.176,0.005426,1.176,6.084,,,,
0.0,0.0,0.0,0.0,0.0,0.0,26.1,26.1,14.19,14.19,7.9,7.9,2.333,0.412,0.0,2.625,2.941e-06,0.01748,6269000.0,0.0898,1.042,0.0898,1.042,5.606,,,,
0.0,0.0,0.0,0.0,0.0,0.0375,37.9,29.8,15.91,14.67,7.5,7.5,2.405,0.414,0.0,2.438,2.931e-06,0.06915,6299000.0,-0.1847,1.186,-0.1847,1.186,6.576,,,,
0.0,0.0,0.0,0.0,0.0,0.00625,29.8,29.0,16.48,16.29,8.1,8.1,2.42,0.416,0.0,2.062,2.921e-06,0.05223,6329000.0,-0.09065,1.216,-0.09065,1.216,5.88,,,,
0.0,0.0,0.0,0.0,0.0,0.0,26.3,26.3,14.57,14.57,7.4,7.4,2.623,0.418,0.0,2.938,2.911e-06,0.005641,6358000.0,-0.1183,1.531,-0.1183,1.531,5.569,,,,
0.0,0.0,0.0,0.0,0.0,0.03125,35.0,30.5,16.41,15.44,8.2,8.2,2.436,0.42,0.0,2.156,2.901e-06,-0.02472,6391000.0,-0.09091,1.175,-0.09091,1.175,6.35,,,,
0.0,0.0,0.0,0.0,0.0,0.0125,36.3,32.8,17.58,17.2,8.5,8.5,2.399,0.422,0.0,2.203,2.891e-06,0.03539,6427000.0,0.05099,1.116,0.05099,1.116,6.494,,,,
0.0,0.0,0.0,0.0,0.0,0.0125,34.2,33.0,16.8,16.46,8.6,8.6,2.346,0.424,0.0,2.062,2.881e-06,0.03893,6457000.0,-0.1288,1.206,-0.1288,1.206,6.171,,,,
0.0,0.0,0.0,0.0,0.0,0.01875,34.8,30.2,17.48,16.93,8.8,8.8,2.271,0.426,0.0,2.734,2.871e-06,-0.01037,6489000.0,-0.1802,1.343,-0.1802,1.343,6.312,,,,
0.0,0.0,0.0,0.0,0.0,0.0125,33.6,29.6,15.84,15.45,8.8,8.8,2.557,0.428,0.0,2.562,2.861e-06,0.03445,6518000.0,-0.161,1.147,-0.161,1.147,6.147,,,,
0.0,0.0,0.0,0.0,0.0,0.0,27.7,27.7,14.54,14.54,7.3,7.3,2.473,0.43,0.0,2.297,2.851e-06,0.006131,6547000.0,-0.08105,1.146,-0.08105,1.146,5.713,,,,
0.0,0.0,0.0,0.0,0.0,0.01875,31.0,29.5,15.93,15.34,8.2,8.2,2.438,0.432,0.0,2.578,2.841e-06,0.008114,6576000.0,-0.1155,1.162,-0.1155,1.162,5.973,,,,
0.0,0.0,0.0,0.0,0.0,0.0125,37.7,34.4,17.06,16.66,8.2,8.2,2.436,0.434,0.0,2.078,2.831e-06,0.03725,6605000.0,-0.1744,1.201,-0.1744,1.201,6.528,,,,
0.0,0.0,0.0,0.0,0.0,0.00625,30.1,29.5,14.89,14.7,7.4,7.4,2.544,0.436,0.0,2.688,2.821e-06,0.05013,6634000.0,-0.08083,1.214,-0.08083,1.214,5.91,,,,
0.0,0.0,0.0,0.0,0.0,0.0125,33.0,30.3,16.29,15.9,8.0,8.0,2.307,0.438,0.0,1.734,2.811e-06,0.05032,6665000.0,-0.2161,1.222,-0.2161,1.222,6.147,,,,
0.0,0.0,0.0,0.0,0.0,0.0125,31.4,28.6,16.21,15.86,7.7,7.7,2.425,0.44,0.0,1.906,2.801e-06,0.0615,6694000.0,-0.223,1.414,-0.223,1.414,6.007,,,,
0.0,0.0,0.0,0.0,0.0,0.0125,27.3,25.7,15.24,14.89,7.1,7.1,2.528,0.442,0.0,2.719,2.791e-06,-0.00959,6726000.0,-0.04598,1.243,-0.04598,1.243,5.732,,,,
0.0,0.0,0.0,0.0,0.0,0.025,39.2,35.9,17.1,16.3,7.4,7.4,2.446,0.444,0.0,2.25,2.781e-06,0.02583,6758000.0,-0.4424,1.55,-0.4424,1.55,6.75,,,,
0.0,0.0,0.0,0.0,0.0,0.00625,34.5,32.3,16.51,16.3,7.9,7.9,2.338,0.446,0.0,2.266,2.771e-06,0.01872,6788000.0,-0.09868,1.154,-0.09868,1.154,6.334,,,,
0.0,0.0,0.0,0.0,0.0,0.0125,34.0,29.1,16.25,15.83,8.5,8.5,2.549,0.448,0.0,2.25,2.761e-06,-0.0223,6818000.0,-0.2953,1.375,-0.2953,1.375,6.266,,,,
0.0,0.0,0.0,0.0,0.0,0.0125,27.5,22.9,13.71,13.29,7.2,7.2,2.631,0.45,0.0,3.078,2.751e-06,0.01689,6847000.0,-0.01259,1.276,-0.01259,1.276,5.662,,,,
0.0,0.0,0.0,0.0,0.0,0.0,27.7,27.7,15.35,15.35,7.8,7.8,2.607,0.452,0.0,2.953,2.741e-06,0.009935,6876000.0,-0.1417,1.488,-0.1417,1.488,5.731,,,,
0.0,0.0,0.0,0.0,0.0,0.00625,31.7,28.4,15.12,14.87,7.5,7.5,2.495,0.454,0.0,3.234,2.731e-06,0.06618,6906000.0,-0.09586,1.275,-0.09586,1.275,6.063,,,,
0.0,0.0,0.0,0.0,0.0,0.0375,34.5,31.5,17.29,16.13,8.3,8.3,2.302,0.456,0.0,2.609,2.721e-06,-0.01167,6936000.0,-0.01801,1.127,-0.01801,1.127,6.257,,,,
0.0,0.0,0.0,0.0,0.0,0.00625,31.4,29.2,15.97,15.76,7.8,7.8,2.484,0.458,0.0,1.945,2.711e-06,-0.01844,6967000.0,-0.3154,1.385,-0.3154,1.385,6.044,,,,
0.0,0.0,0.0,0.0,0.0,0.00625,30.3,29.4,16.45,16.27,7.7,7.7,2.513,0.46,0.0,2.375,2.701e-06,0.016,6996000.0,-0.1571,1.21,-0.1571,1.21,5.934,,,,
0.0,0.0,0.0,0.0,0.0,0.0125,29.2,29.1,15.99,15.69,8.3,8.3,2.472,0.462,0.0,3.953,2.691e-06,0.02635,7026000.0,-0.1427,1.226,-0.1427,1.226,5.865,,,,
0.0,0.0,0.0,0.0,0.0,0.0,33.5,33.5,16.38,16.38,7.8,7.8,2.301,0.464,0.0,2.484,2.681e-06,-0.007057,7055000.0,-0.1794,1.219,-0.1794,1.219,6.172,,,,
0.0,0.0,0.0,0.0,0.0,0.0125,33.5,30.7,17.32,16.97,8.0,8.0,2.319,0.466,0.0,2.172,2.671e-06,0.04473,7086000.0,-0.2393,1.248,-0.2393,1.248,6.219,,,,
0.0,0.0,0.0,0.0,0.0,0.03125,33.6,29.3,18.14,17.23,8.6,8.6,2.327,0.468,0.0,2.422,2.661e-06,0.01265,7117000.0,-0.1974,1.248,-0.1974,1.248,6.175,,,,
0.0,0.0,0.0,0.0,0.0,0.01875,33.3,30.3,17.62,17.12,8.5,8.5,2.358,0.47,0.0,3.484,2.651e-06,0.04637,7146000.0,-0.06278,1.259,-0.06278,1.259,6.164,,,,
0.0,0.0,0.0,0.0,0.0,0.0125,33.4,33.1,17.21,16.88,7.8,7.8,2.395,0.472,0.0,3.203,2.641e-06,-0.02903,7177000.0,0.007707,1.11,0.007707,1.11,6.18,,,,
0.0,0.0,0.0,0.0,0.0,0.01875,38.0,35.8,17.18,16.63,7.2,7.2,2.468,0.474,0.0,2.25,2.631e-06,0.06077,7208000.0,-0.3423,1.269,-0.3423,1.269,6.579,,,,
0.0,0.0,0.0,0.0,0.0,0.0,27.3,27.3,13.84,13.84,6.7,6.7,2.609,0.476,0.0,3.141,2.621e-06,-0.008911,7236000.0,-0.1703,1.276,-0.1703,1.276,5.693,,,,
0.0,0.0,0.0,0.0,0.0,0.00625,32.5,31.5,15.7,15.51,6.6,6.6,2.665,0.478,0.0,1.672,2.611e-06,0.01513,7265000.0,-0.161,1.281,-0.161,1.281,6.093,,,,
0.0,0.0,0.0,0.0,0.0,0.0375,36.4,30.0,16.93,15.76,7.5,7.5,2.423,0.48,0.0,2.281,2.601e-06,0.09451,7295000.0,-0.0493,1.195,-0.0493,1.195,6.438,,,,
0.0,0.0,0.0,0.0,0.0,0.00625,32.9,32.7,16.59,16.39,7.9,7.9,2.343,0.482,0.0,3.0,2.591e-06,0.01047,7327000.0,-0.3776,1.324,-0.3776,1.324,6.18,,,,
0.0,0.0,0.0,0.0,0.0,0.01875,31.6,31.1,15.6,15.08,8.0,8.0,2.573,0.484,0.025,2.797,2.581e-06,0.04086,7357000.0,-0.182,1.192,-0.182,1.192,6.051,,,,
0.0,0.0,0.0,0.0,0.0,0.0,31.5,31.5,17.21,17.21,7.8,7.8,2.418,0.486,0.0,2.344,2.571e-06,0.02899,7386000.0,-0.06994,1.205,-0.06994,1.205,6.022,,,,
0.0,0.0,0.0,0.0,0.0,0.01875,36.6,32.6,17.24,16.68,8.7,8.7,2.36,0.488,0.0,2.562,2.561e-06,0.05643,7417000.0,-0.085,1.172,-0.085,1.172,6.471,,,,
0.0,0.0,0.0,0.0,0.0,0.01875,33.4,31.6,16.51,15.98,8.2,8.2,2.431,0.49,0.0,2.594,2.551e-06,-0.01453,7449000.0,-0.1638,1.284,-0.1638,1.284,6.239,,,,
0.0,0.0,0.0,0.0,0.0,0.0125,34.4,34.2,17.14,16.77,8.0,8.0,2.361,0.492,0.0,1.695,2.541e-06,-0.02434,7482000.0,-0.1743,1.237,-0.1743,1.237,6.278,,,,
0.0,0.0,0.0,0.0,0.0,0.00625,35.3,34.2,16.73,16.55,8.0,8.0,2.422,0.494,0.0,2.719,2.531e-06,0.002862,7511000.0,-0.1262,1.183,-0.1262,1.183,6.339,,,,
0.0,0.0,0.0,0.0,0.0,0.00625,31.5,29.5,14.16,13.94,7.0,7.0,2.52,0.496,0.0,2.875,2.521e-06,0.06068,7540000.0,0.0961,1.108,0.0961,1.108,6.015,,,,
0.0,0.0,0.0,0.0,0.0,0.0125,33.6,30.7,15.49,15.08,7.8,7.8,2.48,0.498,0.0,2.234,2.511e-06,-0.002007,7572000.0,-0.09018,1.18,-0.09018,1.18,6.257,,,,
0.0,0.0,0.0,0.0,0.0,0.0125,35.3,31.0,16.09,15.67,8.1,8.1,2.363,0.5,0.0,2.422,2.501e-06,0.06869,7601000.0,-0.2119,1.244,-0.2119,1.244,6.367,,,,
0.0,0.0,0.0,0.0,0.0,0.0375,44.3,36.1,17.87,16.69,7.9,7.9,2.42,0.502,0.0,2.109,2.491e-06,-0.001687,7634000.0,-0.4049,1.397,-0.4049,1.397,7.136,,,,
0.0,0.0,0.0,0.0,0.0,0.00625,30.4,27.7,15.08,14.88,8.5,8.5,2.44,0.504,0.0,3.125,2.481e-06,0.006372,7663000.0,0.1165,1.015,0.1165,1.015,5.942,,,,
0.0,0.0,0.0,0.0,0.0,0.0125,28.3,24.0,14.2,13.79,7.5,7.5,2.479,0.506,0.0,2.922,2.471e-06,0.04803,7692000.0,-0.08808,1.177,-0.08808,1.177,5.776,,,,
0.0,0.0,0.0,0.0,0.0,0.00625,31.8,30.6,16.18,16.01,7.7,7.7,2.423,0.508,0.0,1.867,2.461e-06,0.01243,7722000.0,-0.02267,1.291,-0.02267,1.291,6.064,,,,
0.0,0.0,0.0,0.0,0.0,0.00625,27.9,26.0,15.12,14.93,8.0,8.0,2.523,0.51,0.0,1.883,2.451e-06,0.04541,7751000.0,-0.1292,1.206,-0.1292,1.206,5.75,,,,
0.0,0.0,0.0,0.0,0.0,0.03125,34.9,30.3,15.9,14.88,7.7,7.7,2.41,0.512,0.0,3.094,2.441e-06,0.01539,7782000.0,-0.07569,1.428,-0.07569,1.428,6.324,,,,
0.0,0.0,0.0,0.0,0.0,0.01875,34.6,31.8,17.21,16.65,7.4,7.4,2.29,0.514,0.0,3.266,2.431e-06,-0.06518,7811000.0,-0.152,1.23,-0.152,1.23,6.302,,,,
0.0,0.0,0.0,0.0,0.0,0.0125,31.8,31.2,16.9,16.56,8.8,8.8,2.303,0.516,0.0,1.898,2.421e-06,0.00301,7842000.0,0.1553,1.026,0.1553,1.026,6.074,,,,
0.0,0.0,0.0,0.0,0.0,0.01875,34.9,32.7,17.76,17.19,9.0,9.0,2.328,0.518,0.0,3.062,2.411e-06,-0.006253,7873000.0,-0.1104,1.478,-0.1104,1.478,6.332,,,,
0.0,0.0,0.0,0.0,0.0,0.00625,33.9,33.0,15.96,15.77,7.3,7.3,2.359,0.52,0.0,1.906,2.401e-06,0.04076,7902000.0,-0.004886,1.073,-0.004886,1.073,6.248,,,,
0.0,0.0,0.0,0.0,0.0,0.00625,33.0,30.3,14.22,14.01,7.1,7.1,2.684,0.522,0.0,3.328,2.391e-06,-0.01421,7931000.0,-0.01707,1.219,-0.01707,1.219,6.146,,,,
0.0,0.0,0.0,0.0,0.0,0.0,31.8,31.8,15.71,15.71,8.3,8.3,2.447,0.524,0.0,2.281,2.381e-06,-0.03208,7961000.0,-0.01379,1.306,-0.01379,1.306,6.065,,,,
0.0,0.0,0.0,0.0,0.0,0.0125,33.0,31.2,16.71,16.35,7.9,7.9,2.426,0.526,0.0,2.328,2.371e-06,0.03965,7991000.0,-0.07625,1.141,-0.07625,1.141,6.172,,,,
0.0,0.0,0.0,0.0,0.0,0.0375,36.2,34.1,17.88,16.73,7.3,7.3,2.414,0.528,0.0,3.156,2.361e-06,-0.02508,8022000.0,0.04517,1.145,0.04517,1.145,6.478,,,,
0.0,0.0,0.0,0.0,0.0,0.00625,27.2,25.4,14.65,14.46,7.0,7.0,2.379,0.53,0.0,3.0,2.351e-06,-0.02604,8051000.0,-0.06193,1.175,-0.06193,1.175,5.706,,,,
0.0,0.0,0.0,0.0,0.0,0.01875,33.9,31.4,16.52,15.94,7.5,7.5,2.276,0.532,0.0,2.422,2.341e-06,0.03335,8082000.0,-0.1215,1.291,-0.1215,1.291,6.302,,,,
0.0,0.0,0.0,0.0,0.0,0.025,39.9,35.5,18.49,17.73,7.4,7.4,2.299,0.534,0.0,2.219,2.331e-06,0.07774,8112000.0,-0.1097,1.241,-0.1097,1.241,6.763,,,,
0.0,0.0,0.0,0.0,0.0,0.0,33.1,33.1,15.39,15.39,6.6,6.6,2.498,0.536,0.0,2.344,2.321e-06,0.04814,8141000.0,-0.1906,1.326,-0.1906,1.326,6.201,,,,
0.0,0.0,0.0,0.0,0.0,0.04375,39.0,31.9,17.98,16.68,7.7,7.7,2.421,0.538,0.0,3.047,2.311e-06,0.07635,8174000.0,-0.2602,1.303,-0.2602,1.303,6.765,,,,
0.0,0.0,0.0,0.0,0.0,0.01875,34.0,29.9,16.01,15.4,7.4,7.4,2.37,0.54,0.0,1.523,2.301e-06,-0.01163,8203000.0,-0.1029,1.193,-0.1029,1.193,6.261,,,,
0.0,0.0,0.0,0.0,0.0,0.0,33.3,33.3,15.59,15.59,7.3,7.3,2.493,0.542,0.0,2.375,2.291e-06,-0.01278,8233000.0,-0.1332,1.306,-0.1332,1.306,6.21,,,,
0.0,0.0,0.0,0.0,0.0,0.0125,39.4,36.6,18.15,17.77,8.3,8.3,2.295,0.544,0.0,2.594,2.281e-06,0.06222,8263000.0,-0.1087,1.196,-0.1087,1.196,6.727,,,,
0.0,0.0,0.0,0.0,0.0,0.0125,34.3,31.9,17.4,17.01,8.5,8.5,2.533,0.546,0.0,3.5,2.271e-06,-0.003564,8294000.0,-0.09,1.157,-0.09,1.157,6.283,,,,
0.0,0.0,0.0,0.0,0.0,0.0125,33.1,30.6,16.46,16.07,7.8,7.8,2.487,0.548,0.0,2.641,2.261e-06,0.05292,8325000.0,-0.0713,1.186,-0.0713,1.186,6.223,,,,
0.0,0.0,0.0,0.0,0.0,0.0,34.8,34.8,17.41,17.41,8.6,8.6,2.442,0.55,0.0,1.922,2.251e-06,0.09795,8356000.0,-0.2528,1.418,-0.2528,1.418,6.349,,,,
0.0,0.0,0.0,0.0,0.0,0.0125,40.0,36.2,17.98,17.58,8.3,8.3,2.5,0.552,0.0,2.438,2.241e-06,-0.004553,8390000.0,-0.2008,1.397,-0.2008,1.397,6.819,,,,
0.0,0.0,0.0,0.0,0.0,0.03125,32.6,30.5,16.42,15.43,7.6,7.6,2.267,0.554,0.0,2.844,2.231e-06,-0.002254,8419000.0,-0.3227,1.3,-0.3227,1.3,6.137,,,,
0.0,0.0,0.0,0.0,0.0,0.00625,33.3,32.9,17.6,17.44,7.5,7.5,2.278,0.556,0.0,2.672,2.221e-06,0.006874,8449000.0,-0.154,1.187,-0.154,1.187,6.202,,,,
0.0,0.0,0.0,0.0,0.0,0.00625,30.6,28.9,15.18,14.99,7.9,7.9,2.523,0.558,0.0,2.938,2.211e-06,-0.006408,8478000.0,-0.1974,1.507,-0.1974,1.507,5.977,,,,
0.0,0.0,0.0,0.0,0.0,0.0,29.2,29.2,15.62,15.62,7.7,7.7,2.476,0.56,0.0,2.375,2.201e-06,0.06557,8508000.0,-0.002196,1.161,-0.002196,1.161,5.872,,,,
0.0,0.0,0.0,0.0,0.0,0.0,31.8,31.8,15.94,15.94,7.0,7.0,2.356,0.562,0.0,2.828,2.191e-06,0.01563,8537000.0,-0.007879,1.127,-0.007879,1.127,6.085,,,,
0.0,0.0,0.0,0.0,0.0,0.00625,30.6,29.0,15.71,15.51,7.8,7.8,2.318,0.564,0.0,2.953,2.181e-06,0.01624,8567000.0,-0.03865,1.196,-0.03865,1.196,5.984,,,,
0.0,0.0,0.0,0.0,0.0,0.0125,35.0,30.4,16.04,15.64,7.8,7.8,2.429,0.566,0.0,2.859,2.171e-06,0.05561,8596000.0,-0.07384,1.169,-0.07384,1.169,6.4,,,,
0.0,0.0,0.0,0.0,0.0,0.0,28.6,28.6,16.03,16.03,9.1,9.1,2.378,0.568,0.0,2.453,2.161e-06,-0.007731,8625000.0,-0.03422,1.11,-0.03422,1.11,5.835,,,,
0.0,0.0,0.0,0.0,0.0,0.0,31.5,31.5,16.54,16.54,8.7,8.7,2.232,0.57,0.0,2.438,2.151e-06,0.04179,8654000.0,-0.05634,1.149,-0.05634,1.149,6.074,,,,
0.0,0.0,0.0,0.0,0.0,0.00625,33.4,33.1,16.88,16.7,7.4,7.4,2.405,0.572,0.0,2.266,2.141e-06,0.02039,8683000.0,-0.146,1.297,-0.146,1.297,6.219,,,,
0.0,0.0,0.0,0.0,0.0,0.00625,34.6,33.2,16.89,16.7,8.1,8.1,2.431,0.574,0.0,2.531,2.131e-06,0.003905,8712000.0,-0.1694,1.383,-0.1694,1.383,6.321,,,,
0.0,0.0,0.0,0.0,0.0,0.01875,36.0,32.1,16.23,15.61,7.7,7.7,2.507,0.576,0.0,2.094,2.121e-06,0.02426,8744000.0,-0.3576,1.357,-0.3576,1.357,6.476,,,,
0.0,0.0,0.0,0.0,0.0,0.025,36.8,33.1,16.73,15.96,8.2,8.2,2.429,0.578,0.0,1.82,2.111e-06,0.02238,8775000.0,-0.196,1.323,-0.196,1.323,6.539,,,,
0.0,0.0,0.0,0.0,0.0,0.00625,34.1,32.5,16.17,15.96,7.4,7.4,2.615,0.58,0.0,2.125,2.101e-06,0.08947,8806000.0,-0.2409,1.321,-0.2409,1.321,6.297,,,,
0.0,0.0,0.0,0.0,0.0,0.00625,32.1,30.3,17.28,17.07,8.9,8.9,2.363,0.582,0.0,1.844,2.091e-06,0.06324,8837000.0,-0.0349,1.037,-0.0349,1.037,6.132,,,,
0.0,0.0,0.0,0.0,0.0,0.03125,37.3,30.8,17.31,16.35,8.1,8.1,2.473,0.584,0.0,2.516,2.081e-06,0.07119,8868000.0,-0.08291,1.22,-0.08291,1.22,6.598,,,,
0.0,0.0,0.0,0.0,0.0,0.00625,32.2,29.7,16.21,16.0,7.9,7.9,2.321,0.586,0.0,1.969,2.071e-06,0.01546,8898000.0,-0.09229,1.206,-0.09229,1.206,6.15,,,,
0.0,0.0,0.0,0.0,0.0,0.01875,34.6,33.0,17.19,16.68,8.4,8.4,2.496,0.588,0.0,3.391,2.061e-06,0.07051,8927000.0,-0.1564,1.314,-0.1564,1.314,6.357,,,,
0.0,0.0,0.0,0.0,0.0,0.025,38.9,36.2,18.28,17.57,8.3,8.3,2.241,0.59,0.0,1.914,2.051e-06,-0.06574,8961000.0,-0.3196,1.345,-0.3196,1.345,6.724,,,,
0.0,0.0,0.0,0.0,0.0,0.03125,35.3,31.1,17.66,16.67,7.8,7.8,2.372,0.592,0.0,2.297,2.041e-06,0.01972,8991000.0,-0.2195,1.355,-0.2195,1.355,6.39,,,,
0.0,0.0,0.0,0.0,0.0,0.0125,36.3,32.8,16.74,16.35,8.2,8.2,2.467,0.594,0.0,2.703,2.031e-06,0.04968,9020000.0,-0.05449,1.226,-0.05449,1.226,6.473,,,,
0.0,0.0,0.0,0.0,0.0,0.04375,36.6,32.8,18.22,16.8,7.0,7.0,2.317,0.596,0.0,2.125,2.021e-06,0.02067,9052000.0,-0.03233,1.273,-0.03233,1.273,6.549,,,,
0.0,0.0,0.0,0.0,0.0,0.025,39.5,33.0,17.94,17.14,7.3,7.3,2.41,0.598,0.0,2.203,2.011e-06,0.06221,9087000.0,-0.1453,1.202,-0.1453,1.202,6.817,,,,
0.0,0.0,0.0,0.0,0.0,0.0,28.8,28.8,15.17,15.17,7.4,7.4,2.574,0.6,0.0,2.438,2.001e-06,-0.01942,9116000.0,0.005222,1.122,0.005222,1.122,5.815,,,,
0.0,0.0,0.0,0.0,0.0,0.00625,28.4,26.8,14.11,13.9,7.8,7.8,2.552,0.602,0.0,2.766,1.991e-06,0.01901,9145000.0,-0.08273,1.148,-0.08273,1.148,5.802,,,,
0.0,0.0,0.0,0.0,0.0,0.03125,36.7,29.8,16.74,15.72,7.9,7.9,2.48,0.604,0.0,1.789,1.981e-06,0.01562,9174000.0,-0.2966,1.455,-0.2966,1.455,6.494,,,,
0.0,0.0,0.0,0.0,0.0,0.01875,35.7,31.2,15.55,14.92,8.3,8.3,2.432,0.606,0.0,3.078,1.971e-06,0.07665,9204000.0,-0.1505,1.249,-0.1505,1.249,6.423,,,,
0.0,0.0,0.0,0.0,0.0,0.00625,32.1,29.4,17.24,17.02,8.6,8.6,2.48,0.608,0.0,1.984,1.961e-06,0.01167,9235000.0,-0.1183,1.529,-0.1183,1.529,6.18,,,,
0.0,0.0,0.0,0.0,0.0,0.0125,33.6,29.8,16.6,16.19,8.0,8.0,2.37,0.61,0.0,2.234,1.951e-06,0.02066,9265000.0,0.01906,1.165,0.01906,1.165,6.234,,,,
0.0,0.0,0.0,0.0,0.0,0.00625,37.1,34.6,17.12,16.91,7.5,7.5,2.329,0.612,0.0,2.766,1.941e-06,0.05905,9295000.0,-0.09926,1.276,-0.09926,1.276,6.556,,,,
0.0,0.0,0.0,0.0,0.0,0.01875,35.2,33.6,16.78,16.12,7.3,7.3,2.54,0.614,0.0,2.859,1.931e-06,0.06348,9324000.0,-0.2701,1.344,-0.2701,1.344,6.375,,,,
0.0,0.0,0.0,0.0,0.0,0.00625,28.8,28.7,15.41,15.22,7.3,7.3,2.601,0.616,0.0,2.266,1.921e-06,0.03862,9354000.0,-0.1164,1.205,-0.1164,1.205,5.851,,,,
0.0,0.0,0.0,0.0,0.0,0.00625,36.3,35.0,17.3,17.11,7.6,7.6,2.307,0.618,0.0,3.016,1.911e-06,0.05379,9383000.0,-0.09372,1.167,-0.09372,1.167,6.513,,,,
0.0,0.0,0.0,0.0,0.0,0.0,27.9,27.9,14.77,14.77,8.0,8.0,2.587,0.62,0.0,3.094,1.901e-06,0.06453,9412000.0,-0.2255,1.244,-0.2255,1.244,5.775,,,,
0.0,0.0,0.0,0.0,0.0,0.01875,35.3,34.2,16.79,16.25,6.9,6.9,2.543,0.622,0.0,1.703,1.891e-06,0.04925,9443000.0,-0.2165,1.246,-0.2165,1.246,6.415,,,,
0.0,0.0,0.0,0.0,0.0,0.0125,32.0,28.3,15.28,14.88,7.0,7.0,2.616,0.624,0.0,2.688,1.881e-06,0.04376,9472000.0,0.02329,1.112,0.02329,1.112,6.132,,,,
0.0,0.0,0.0,0.0,0.0,0.00625,30.2,28.5,15.3,15.09,7.9,7.9,2.554,0.626,0.0,2.328,1.871e-06,-0.01838,9502000.0,-0.01961,1.137,-0.01961,1.137,5.964,,,,
0.0,0.0,0.0,0.0,0.0,0.00625,32.8,32.2,17.3,17.11,8.8,8.8,2.454,0.628,0.0,2.25,1.861e-06,0.01129,9533000.0,-0.05957,1.078,-0.05957,1.078,6.215,,,,
0.0,0.0,0.0,0.0,0.0,0.01875,31.7,28.8,16.28,15.71,7.9,7.9,2.451,0.63,0.0,2.391,1.851e-06,0.01149,9565000.0,0.1611,1.031,0.1611,1.031,6.147,,,,
0.0,0.0,0.0,0.0,0.0,0.0125,30.7,28.9,15.88,15.5,7.9,7.9,2.59,0.632,0.0,1.992,1.841e-06,0.02585,9594000.0,-0.1918,1.318,-0.1918,1.318,6.001,,,,
0.0,0.0,0.0,0.0,0.0,0.00625,32.3,29.7,16.1,15.89,7.0,7.0,2.345,0.634,0.0,1.805,1.831e-06,-0.04972,9623000.0,0.00731,1.326,0.00731,1.326,6.194,,,,
0.0,0.0,0.0,0.0,0.0,0.01875,36.2,28.8,16.34,15.7,8.1,8.1,2.386,0.636,0.0,3.328,1.821e-06,0.1158,9654000.0,0.02141,1.115,0.02141,1.115,6.5,,,,
0.0,0.0,0.0,0.0,0.0,0.025,32.6,28.9,16.36,15.62,8.5,8.5,2.408,0.638,0.0,2.359,1.811e-06,0.08656,9683000.0,-0.02862,1.138,-0.02862,1.138,6.158,,,,
0.0,0.0,0.0,0.0,0.0,0.0375,40.3,35.0,17.24,16.09,7.6,7.6,2.403,0.64,0.0,2.797,1.801e-06,0.103,9715000.0,-0.3462,1.35,-0.3462,1.35,6.85,,,,
0.0,0.0,0.0,0.0,0.0,0.01875,30.2,29.0,15.86,15.28,8.5,8.5,2.381,0.642,0.0,2.312,1.791e-06,-0.02823,9746000.0,-0.07735,1.115,-0.07735,1.115,6.016,,,,
0.0,0.0,0.0,0.0,0.0,0.00625,32.5,30.7,16.29,16.08,8.1,8.1,2.441,0.644,0.0,1.992,1.781e-06,0.0486,9775000.0,-0.04449,1.06,-0.04449,1.06,6.182,,,,
0.0,0.0,0.0,0.0,0.0,0.01875,29.9,27.1,16.35,15.83,7.6,7.6,2.498,0.646,0.0,1.805,1.771e-06,0.004387,9814000.0,-0.1872,1.309,-0.1872,1.309,6.064,,,,
0.0,0.0,0.0,0.0,0.0,0.01875,32.5,32.2,15.74,15.13,7.5,7.5,2.38,0.648,0.0,2.5,1.761e-06,-0.01373,9843000.0,-0.228,1.281,-0.228,1.281,6.149,,,,
0.0,0.0,0.0,0.0,0.0,0.0,25.2,25.2,14.44,14.44,7.3,7.3,2.581,0.65,0.0,3.781,1.751e-06,0.01062,9874000.0,0.03054,1.145,0.03054,1.145,5.566,,,,
0.0,0.0,0.0,0.0,0.0,0.0125,31.8,27.6,15.87,15.48,7.9,7.9,2.451,0.652,0.0,1.891,1.741e-06,0.0494,9903000.0,-0.1401,1.191,-0.1401,1.191,6.108,,,,
0.0,0.0,0.0,0.0,0.0,0.00625,31.4,29.3,16.64,16.43,8.1,8.1,2.41,0.654,0.0,1.984,1.731e-06,0.0003149,9934000.0,-0.08822,1.231,-0.08822,1.231,6.089,,,,
0.0,0.0,0.0,0.0,0.0,0.00625,32.9,31.9,16.86,16.69,7.5,7.5,2.482,0.656,0.0,2.703,1.721e-06,0.05299,9964000.0,-0.1849,1.319,-0.1849,1.319,6.209,,,,
0.0,0.0,0.0,0.0,0.0,0.0125,31.1,28.2,15.22,14.84,7.2,7.2,2.526,0.658,0.0,2.484,1.711e-06,0.01962,9993000.0,-0.3511,1.35,-0.3511,1.35,6.083,,,,
0.0,0.0,0.0,0.0,0.0,0.0,34.2,34.2,15.54,15.54,7.8,7.8,2.414,0.66,0.0,2.828,1.701e-06,0.01369,10020000.0,-0.1516,1.204,-0.1516,1.204,6.281,,,,
0.0,0.0,0.0,0.0,0.0,0.01875,33.1,28.5,15.8,15.21,7.9,7.9,2.432,0.662,0.0,2.562,1.691e-06,0.02099,10050000.0,-0.1178,1.208,-0.1178,1.208,6.284,,,,
0.0,0.0,0.0,0.0,0.0,0.0,33.1,33.1,16.21,16.21,8.1,8.1,2.393,0.664,0.0,2.328,1.681e-06,0.02473,10080000.0,-0.2354,1.102,-0.2354,1.102,6.269,,,,
0.0,0.0,0.0,0.0,0.0,0.0375,38.4,34.1,18.04,16.89,8.1,8.1,2.325,0.666,0.0,2.359,1.671e-06,0.09965,10110000.0,-0.1721,1.271,-0.1721,1.271,6.745,,,,
0.0,0.0,0.0,0.0,0.0,0.0,30.0,30.0,15.95,15.95,8.4,8.4,2.463,0.668,0.0,1.984,1.661e-06,0.05085,10140000.0,-0.006084,1.207,-0.006084,1.207,6.003,,,,
0.0,0.0,0.0,0.0,0.0,0.00625,32.9,32.2,15.44,15.27,7.5,7.5,2.34,0.67,0.0,2.062,1.651e-06,0.01033,10170000.0,0.04964,1.119,0.04964,1.119,6.225,,,,
0.0,0.0,0.0,0.0,0.0,0.05625,37.1,32.4,18.42,16.75,7.5,7.5,2.31,0.672,0.0,2.109,1.641e-06,0.01952,10210000.0,-0.1462,1.243,-0.1462,1.243,6.661,,,,
0.0,0.0,0.0,0.0,0.0,0.0,30.6,30.6,15.7,15.7,7.4,7.4,2.53,0.674,0.0,3.016,1.631e-06,0.007632,10240000.0,0.1777,1.056,0.1777,1.056,6.098,,,,
0.0,0.0,0.0,0.0,0.0,0.0125,32.9,31.2,16.48,16.05,7.5,7.5,2.548,0.676,0.0,2.375,1.621e-06,-0.01018,10270000.0,0.1156,1.01,0.1156,1.01,6.336,,,,
0.0,0.0,0.0,0.0,0.0,0.025,30.7,28.7,16.82,16.09,8.2,8.2,2.415,0.678,0.0,2.141,1.611e-06,0.006727,10300000.0,0.04368,1.143,0.04368,1.143,6.128,,,,
0.0,0.0,0.0,0.0,0.0,0.025,34.8,31.9,16.07,15.32,7.8,7.8,2.564,0.68,0.0,3.0,1.601e-06,0.07359,10330000.0,-0.1679,1.249,-0.1679,1.249,6.421,,,,
0.0,0.0,0.0,0.0,0.0,0.0125,32.9,30.8,17.28,16.86,8.1,8.1,2.476,0.682,0.0,1.93,1.591e-06,0.02144,10360000.0,0.04101,1.118,0.04101,1.118,6.245,,,,
0.0,0.0,0.0,0.0,0.0,0.0,28.8,28.8,15.0,15.0,7.6,7.6,2.359,0.684,0.0,2.984,1.581e-06,0.09332,10390000.0,0.006892,1.095,0.006892,1.095,5.899,,,,
0.0,0.0,0.0,0.0,0.0,0.0,28.0,28.0,15.87,15.87,7.5,7.5,2.306,0.686,0.0,2.219,1.571e-06,-0.05254,10420000.0,0.1,1.1,0.1,1.1,5.813,,,,
0.0,0.0,0.0,0.0,0.0,0.0125,34.7,32.8,17.01,16.67,7.5,7.5,2.361,0.688,0.0,3.109,1.561e-06,0.01471,10450000.0,-0.09806,1.19,-0.09806,1.19,6.486,,,,
0.0,0.0,0.0,0.0,0.0,0.01875,32.5,28.5,16.8,16.21,9.0,9.0,2.442,0.69,0.0,2.984,1.551e-06,-0.02446,10480000.0,-0.09803,1.193,-0.09803,1.193,6.244,,,,
0.0,0.0,0.0,0.0,0.0,0.0125,36.5,35.5,17.69,17.34,8.1,8.1,2.317,0.692,0.0,1.797,1.541e-06,0.03702,10510000.0,-0.0776,1.141,-0.0776,1.141,6.597,,,,
0.0,0.0,0.0,0.0,0.0,0.0125,32.8,30.6,16.16,15.78,7.7,7.7,2.348,0.694,0.0,2.609,1.531e-06,0.01749,10540000.0,-0.1718,1.239,-0.1718,1.239,6.214,,,,
0.0,0.0,0.0,0.0,0.0,0.01875,31.9,28.3,15.69,15.12,7.3,7.3,2.454,0.696,0.0,2.609,1.521e-06,0.08922,10570000.0,-0.1835,1.363,-0.1835,1.363,6.15,,,,
0.0,0.0,0.0,0.0,0.0,0.0125,33.9,32.1,16.97,16.6,8.3,8.3,2.431,0.698,0.0,2.406,1.511e-06,-0.03478,10600000.0,-0.2016,1.252,-0.2016,1.252,6.43,,,,
0.0,0.0,0.0,0.0,0.0,0.0,29.5,29.5,14.73,14.73,7.8,7.8,2.639,0.7,0.0,2.438,1.501e-06,0.1116,10630000.0,-0.07449,1.158,-0.07449,1.158,5.976,,,,
0.0,0.0,0.0,0.0,0.0,0.0125,31.8,31.4,16.16,15.79,7.5,7.5,2.343,0.702,0.0,2.938,1.491e-06,-0.004564,10660000.0,0.05693,1.12,0.05693,1.12,6.206,,,,
0.0,0.0,0.0,0.0,0.0,0.01875,35.7,32.4,16.49,15.94,7.7,7.7,2.557,0.704,0.0,2.562,1.481e-06,0.03613,10690000.0,-0.3848,1.311,-0.3848,1.311,6.552,,,,
0.0,0.0,0.0,0.0,0.0,0.03125,36.4,31.8,17.84,16.94,8.1,8.1,2.275,0.706,0.0,2.547,1.471e-06,0.02734,10720000.0,-0.2418,1.205,-0.2418,1.205,6.571,,,,
0.0,0.0,0.0,0.0,0.0,0.00625,30.6,27.8,15.48,15.26,6.1,6.1,2.412,0.708,0.0,3.281,1.461e-06,0.04994,10750000.0,0.01651,1.167,0.01651,1.167,6.081,,,,
0.0,0.0,0.0,0.0,0.0,0.0,32.2,32.2,15.18,15.18,6.7,6.7,2.494,0.71,0.0,2.5,1.451e-06,0.04284,10780000.0,-0.0526,1.313,-0.0526,1.313,6.2,,,,
0.0,0.0,0.0,0.0,0.0,0.00625,32.4,29.4,16.28,16.07,7.7,7.7,2.432,0.712,0.0,2.953,1.441e-06,0.04916,10820000.0,-0.171,1.405,-0.171,1.405,6.216,,,,
0.0,0.0,0.0,0.0,0.0,0.00625,34.3,32.3,15.85,15.65,7.4,7.4,2.523,0.714,0.0,2.422,1.431e-06,0.02055,10850000.0,-0.1351,1.247,-0.1351,1.247,6.38,,,,
0.0,0.0,0.0,0.0,0.0,0.01875,34.4,32.3,19.37,18.79,9.0,9.0,2.632,0.716,0.0,1.938,1.421e-06,0.03838,10880000.0,-0.1136,1.21,-0.1136,1.21,6.421,,,,
0.0,0.0,0.0,0.0,0.0,0.0,30.6,30.6,15.76,15.76,7.2,7.2,2.34,0.718,0.0,2.719,1.411e-06,-0.007341,10910000.0,-0.1206,1.388,-0.1206,1.388,6.034,,,,
0.0,0.0,0.0,0.0,0.0,0.0125,32.0,30.5,15.99,15.62,7.5,7.5,2.394,0.72,0.0,2.781,1.401e-06,0.04786,10940000.0,-0.1312,1.232,-0.1312,1.232,6.153,,,,
0.0,0.0,0.0,0.0,0.0,0.0,27.4,27.4,15.01,15.01,6.9,6.9,2.522,0.722,0.0,1.734,1.391e-06,0.03345,10960000.0,-0.01195,1.169,-0.01195,1.169,5.765,,,,
0.0,0.0,0.0,0.0,0.0,0.01875,36.1,32.4,16.76,16.17,7.8,7.8,2.216,0.724,0.0,3.078,1.381e-06,0.07997,10990000.0,-0.02449,1.168,-0.02449,1.168,6.571,,,,
0.0,0.0,0.0,0.0,0.0,0.0,31.4,31.4,15.21,15.21,7.2,7.2,2.688,0.726,0.0,2.438,1.371e-06,0.03406,11020000.0,-0.03141,1.325,-0.03141,1.325,6.13,,,,
0.0,0.0,0.0,0.0,0.0,0.00625,29.1,28.5,15.29,15.08,7.0,7.0,2.564,0.728,0.0,2.281,1.361e-06,0.05552,11050000.0,-0.05481,1.118,-0.05481,1.118,5.934,,,,
0.0,0.0,0.0,0.0,0.0,0.0,30.9,30.9,14.75,14.75,6.7,6.7,2.357,0.73,0.0,2.172,1.351e-06,-0.02141,11080000.0,-0.004732,1.084,-0.004732,1.084,6.087,,,,
0.0,0.0,0.0,0.0,0.0,0.0125,37.2,33.5,15.4,14.97,7.2,7.2,2.542,0.732,0.0,2.328,1.341e-06,0.042,11110000.0,-0.04863,1.184,-0.04863,1.184,6.678,,,,
0.0,0.0,0.0,0.0,0.0,0.0125,37.1,36.3,17.24,16.93,6.9,6.9,2.357,0.734,0.0,1.891,1.331e-06,0.01144,11140000.0,-0.1333,1.332,-0.1333,1.332,6.644,,,,
0.0,0.0,0.0,0.0,0.0,0.00625,35.0,33.9,16.48,16.29,7.9,7.9,2.494,0.736,0.0,2.25,1.321e-06,0.05388,11170000.0,-0.2565,1.282,-0.2565,1.282,6.488,,,,
0.0,0.0,0.0,0.0,0.0,0.025,33.9,31.8,17.49,16.79,7.8,7.8,2.334,0.738,0.0,2.562,1.311e-06,0.1121,11200000.0,-0.02785,1.079,-0.02785,1.079,6.337,,,,
0.0,0.0,0.0,0.0,0.0,0.0125,36.8,35.6,16.81,16.46,7.0,7.0,2.273,0.74,0.0,1.938,1.301e-06,0.03241,11240000.0,0.01776,1.144,0.01776,1.144,6.586,,,,
0.0,0.0,0.0,0.0,0.0,0.0125,33.5,29.7,16.69,16.3,7.7,7.7,2.367,0.742,0.0,2.484,1.291e-06,0.03418,11270000.0,-0.2011,1.27,-0.2011,1.27,6.33,,,,
0.0,0.0,0.0,0.0,0.0,0.025,41.9,36.4,18.73,18.03,9.1,9.1,2.308,0.744,0.0,2.094,1.281e-06,0.04214,11300000.0,-0.2561,1.264,-0.2561,1.264,7.044,,,,
0.0,0.0,0.0,0.0,0.0,0.0125,30.5,27.4,14.87,14.49,6.8,6.8,2.499,0.746,0.0,3.047,1.271e-06,0.05441,11330000.0,-0.1352,1.41,-0.1352,1.41,6.027,,,,
0.0,0.0,0.0,0.0,0.0,0.00625,31.5,31.5,15.71,15.52,8.1,8.1,2.415,0.748,0.0,2.156,1.261e-06,0.03462,11360000.0,-0.2576,1.236,-0.2576,1.236,6.206,,,,
0.0,0.0,0.0,0.0,0.0,0.01875,36.6,32.8,17.7,17.1,8.0,8.0,2.316,0.75,0.0,1.68,1.251e-06,0.01746,11390000.0,-0.2513,1.385,-0.2513,1.385,6.602,,,,
0.0,0.0,0.0,0.0,0.0,0.04375,34.9,30.8,17.34,15.94,8.0,8.0,2.461,0.752,0.0,3.0,1.241e-06,0.01913,11420000.0,-0.28,1.498,-0.28,1.498,6.537,,,,
0.0,0.0,0.0,0.0,0.0,0.00625,33.8,31.8,17.14,16.95,7.1,7.1,2.319,0.754,0.0,2.172,1.231e-06,0.0185,11450000.0,-0.05876,1.233,-0.05876,1.233,6.339,,,,
0.0,0.0,0.0,0.0,0.0,0.025,37.3,33.3,18.14,17.41,9.0,9.0,2.402,0.756,0.0,1.734,1.221e-06,0.02011,11480000.0,-0.2286,1.256,-0.2286,1.256,6.615,,,,
0.0,0.0,0.0,0.0,0.0,0.00625,34.6,32.9,16.87,16.67,8.6,8.6,2.461,0.758,0.0,2.406,1.211e-06,-0.006194,11510000.0,-0.02628,1.107,-0.02628,1.107,6.44,,,,
0.0,0.0,0.0,0.0,0.0,0.0125,34.9,30.7,15.71,15.29,8.5,8.5,2.426,0.76,0.0,2.922,1.201e-06,0.07421,11540000.0,-0.1321,1.205,-0.1321,1.205,6.451,,,,
0.0,0.0,0.0,0.0,0.0,0.00625,30.1,29.8,16.09,15.93,7.9,7.9,2.436,0.762,0.0,3.406,1.191e-06,0.04997,11570000.0,0.06285,1.052,0.06285,1.052,6.013,,,,
0.0,0.0,0.0,0.0,0.0,0.0,28.4,28.4,15.53,15.53,7.5,7.5,2.53,0.764,0.0,2.312,1.181e-06,0.02909,11600000.0,-0.02318,1.219,-0.02318,1.219,5.919,,,,
0.0,0.0,0.0,0.0,0.0,0.025,33.0,30.6,16.66,15.87,7.8,7.8,2.428,0.766,0.0,1.805,1.171e-06,0.01441,11640000.0,-0.06114,1.198,-0.06114,1.198,6.317,,,,
0.0,0.0,0.0,0.0,0.0,0.0125,28.8,28.3,14.76,14.38,7.7,7.7,2.444,0.768,0.0,3.125,1.161e-06,0.04738,11670000.0,0.06489,1.084,0.06489,1.084,5.955,,,,
0.0,0.0,0.0,0.0,0.0,0.00625,29.9,29.8,15.53,15.34,8.1,8.1,2.512,0.77,0.0,1.953,1.151e-06,0.02335,11700000.0,0.1447,1.002,0.1447,1.002,6.025,,,,
0.0,0.0,0.0,0.0,0.0,0.0,30.9,30.9,16.0,16.0,8.8,8.8,2.518,0.772,0.0,2.594,1.141e-06,0.05905,11730000.0,-0.1395,1.209,-0.1395,1.209,6.183,,,,
0.0,0.0,0.0,0.0,0.0,0.0125,31.5,27.0,15.06,14.64,7.1,7.1,2.429,0.774,0.0,2.609,1.131e-06,0.01194,11750000.0,-0.2134,1.248,-0.2134,1.248,6.171,,,,
0.0,0.0,0.0,0.0,0.0,0.0125,33.7,32.6,17.37,16.98,8.0,8.0,2.353,0.776,0.0,2.469,1.121e-06,0.02308,11790000.0,-0.4014,1.453,-0.4014,1.453,6.354,,,,
0.0,0.0,0.0,0.0,0.0,0.0125,30.3,28.2,15.96,15.57,7.7,7.7,2.462,0.778,0.0,2.438,1.111e-06,0.04659,11810000.0,0.05877,1.103,0.05877,1.103,6.106,,,,
0.0,0.0,0.0,0.0,0.0,0.0,27.7,27.7,16.28,16.28,8.0,8.0,2.415,0.78,0.0,2.578,1.101e-06,0.001742,11840000.0,-0.07956,1.15,-0.07956,1.15,5.846,,,,
0.0,0.0,0.0,0.0,0.0,0.04375,40.5,32.0,18.05,16.67,8.6,8.6,2.359,0.782,0.0,2.047,1.091e-06,0.098,11870000.0,-0.1954,1.273,-0.1954,1.273,6.985,,,,
0.0,0.0,0.0,0.0,0.0,0.00625,30.9,29.6,15.94,15.74,6.8,6.8,2.361,0.784,0.0,2.312,1.081e-06,0.01972,11900000.0,-0.08782,1.132,-0.08782,1.132,6.223,,,,
0.0,0.0,0.0,0.0,0.0,0.00625,32.2,31.1,14.76,14.57,6.6,6.6,2.524,0.786,0.0,3.531,1.071e-06,0.09148,11940000.0,0.00599,1.217,0.00599,1.217,6.281,,,,
0.0,0.0,0.0,0.0,0.0,0.0125,34.4,33.2,17.49,17.15,7.7,7.7,2.362,0.788,0.0,2.625,1.061e-06,0.04487,11970000.0,-0.006698,1.227,-0.006698,1.227,6.443,,,,
0.0,0.0,0.0,0.0,0.0,0.00625,34.0,34.0,18.23,18.05,7.7,7.7,2.159,0.79,0.0,2.266,1.051e-06,0.01531,12000000.0,-0.1498,1.154,-0.1498,1.154,6.404,,,,
0.0,0.0,0.0,0.0,0.0,0.01875,35.8,31.3,17.14,16.54,8.5,8.5,2.296,0.792,0.0,2.078,1.041e-06,0.004285,12020000.0,-0.2315,1.322,-0.2315,1.322,6.541,,,,
0.0,0.0,0.0,0.0,0.0,0.00625,32.2,31.0,16.54,16.35,7.6,7.6,2.432,0.794,0.0,2.703,1.031e-06,-0.01833,12050000.0,-0.00979,1.131,-0.00979,1.131,6.266,,,,
0.0,0.0,0.0,0.0,0.0,0.025,35.2,29.9,17.12,16.41,8.6,8.6,2.433,0.796,0.0,4.156,1.021e-06,0.03533,12080000.0,-0.1358,1.199,-0.1358,1.199,6.487,,,,
0.0,0.0,0.0,0.0,0.0,0.0125,33.3,29.9,15.79,15.37,7.6,7.6,2.383,0.798,0.0,2.781,1.011e-06,-0.00465,12110000.0,0.03762,1.187,0.03762,1.187,6.393,,,,
0.0,0.0,0.0,0.0,0.0,0.01875,31.9,29.7,16.61,16.09,8.2,8.2,2.29,0.8,0.0,2.406,1.001e-06,-0.002025,12150000.0,-0.1571,1.197,-0.1571,1.197,6.246,,,,
0.0,0.0,0.0,0.0,0.0,0.0,27.9,27.9,14.67,14.67,7.8,7.8,2.523,0.802,0.0,2.844,9.91e-07,0.02421,12170000.0,-0.1065,1.199,-0.1065,1.199,5.852,,,,
0.0,0.0,0.0,0.0,0.0,0.03125,38.7,27.7,16.67,15.64,7.2,7.2,2.436,0.804,0.0,2.031,9.81e-07,0.06943,12210000.0,-0.1599,1.397,-0.1599,1.397,6.828,,,,
0.0,0.0,0.0,0.0,0.0,0.00625,29.0,28.1,16.28,16.12,8.6,8.6,2.372,0.806,0.0,2.234,9.71e-07,0.02757,12240000.0,-0.05542,1.215,-0.05542,1.215,5.949,,,,
0.0,0.0,0.0,0.0,0.0,0.0125,34.5,31.1,17.56,17.19,8.7,8.7,2.212,0.808,0.0,2.344,9.61e-07,0.03578,12270000.0,0.06915,1.126,0.06915,1.126,6.5,,,,
0.0,0.0,0.0,0.0,0.0,0.05625,40.5,32.2,18.13,16.45,7.2,7.2,2.45,0.81,0.0,3.203,9.51e-07,0.07396,12300000.0,-0.2335,1.341,-0.2335,1.341,7.017,,,,
0.0,0.0,0.0,0.0,0.0,0.00625,32.2,30.4,16.64,16.45,8.1,8.1,2.39,0.812,0.0,1.898,9.41e-07,-0.03081,12340000.0,-0.1703,1.173,-0.1703,1.173,6.269,,,,
0.0,0.0,0.0,0.0,0.0,0.00625,31.6,30.9,16.1,15.91,8.1,8.1,2.449,0.814,0.0,2.656,9.31e-07,0.01468,12370000.0,-0.08704,1.197,-0.08704,1.197,6.264,,,,
0.0,0.0,0.0,0.0,0.0,0.01875,30.2,27.9,15.86,15.31,8.1,8.1,2.404,0.816,0.0,2.859,9.21e-07,-0.006529,12400000.0,-0.1394,1.212,-0.1394,1.212,6.099,,,,
0.0,0.0,0.0,0.0,0.0,0.0,29.4,29.4,15.74,15.74,7.3,7.3,2.215,0.818,0.0,2.422,9.11e-07,0.01594,12430000.0,0.04571,1.043,0.04571,1.043,6.024,,,,
0.0,0.0,0.0,0.0,0.0,0.01875,34.9,28.9,15.48,14.85,7.1,7.1,2.375,0.82,0.0,2.141,9.01e-07,-0.02732,12460000.0,-0.3483,1.342,-0.3483,1.342,6.526,,,,
0.0,0.0,0.0,0.0,0.0,0.0,24.2,24.2,14.57,14.57,7.8,7.8,2.448,0.822,0.0,2.125,8.91e-07,-0.00837,12490000.0,0.1024,1.162,0.1024,1.162,5.54,,,,
0.0,0.0,0.0,0.0,0.0,0.00625,33.2,31.5,15.32,15.11,7.5,7.5,2.482,0.824,0.0,2.812,8.81e-07,0.007858,12520000.0,0.005563,1.102,0.005563,1.102,6.349,,,,
0.0,0.0,0.0,0.0,0.0,0.0,32.1,32.1,17.74,17.74,8.9,8.9,2.314,0.826,0.0,1.969,8.71e-07,-0.01758,12550000.0,-0.05605,1.123,-0.05605,1.123,6.282,,,,
0.0,0.0,0.0,0.0,0.0,0.0125,32.7,31.1,16.41,16.04,7.9,7.9,2.494,0.828,0.0,2.172,8.61e-07,0.04606,12580000.0,0.03785,1.09,0.03785,1.09,6.263,,,,
0.0,0.0,0.0,0.0,0.0,0.025,37.0,30.7,17.22,16.43,7.6,7.6,2.392,0.83,0.0,3.109,8.51e-07,0.1273,12600000.0,-0.2436,1.35,-0.2436,1.35,6.824,,,,
0.0,0.0,0.0,0.0,0.0,0.00625,35.8,35.8,16.73,16.53,7.8,7.8,2.276,0.832,0.0,2.359,8.41e-07,0.08988,12640000.0,-0.1818,1.188,-0.1818,1.188,6.793,,,,
0.0,0.0,0.0,0.0,0.0,0.0,27.6,27.6,14.71,14.71,7.2,7.2,2.496,0.834,0.0,2.562,8.31e-07,-0.01007,12660000.0,-0.128,1.212,-0.128,1.212,5.953,,,,
0.0,0.0,0.0,0.0,0.0,0.00625,32.9,30.8,16.06,15.86,7.5,7.5,2.372,0.836,0.0,1.875,8.21e-07,0.03305,12690000.0,-0.2158,1.418,-0.2158,1.418,6.297,,,,
0.0,0.0,0.0,0.0,0.0,0.0125,35.1,32.5,16.91,16.57,7.9,7.9,2.296,0.838,0.0,3.453,8.11e-07,0.0439,12720000.0,-0.005585,1.161,-0.005585,1.161,6.555,,,,
0.0,0.0,0.0,0.0,0.0,0.01875,33.4,30.8,15.76,15.17,8.2,8.2,2.522,0.84,0.0,3.75,8.01e-07,0.1215,12760000.0,-0.2195,1.381,-0.2195,1.381,6.402,,,,
0.0,0.0,0.0,0.0,0.0,0.01875,32.6,30.6,16.39,15.78,7.6,7.6,2.427,0.842,0.0,2.609,7.91e-07,0.08209,12790000.0,-0.1815,1.234,-0.1815,1.234,6.294,,,,
0.0,0.0,0.0,0.0,0.0,0.0,32.7,32.7,15.94,15.94,7.8,7.8,2.46,0.844,0.0,2.719,7.81e-07,0.03059,12820000.0,-0.2688,1.658,-0.2688,1.658,6.328,,,,
0.0,0.0,0.0,0.0,0.0,0.00625,32.5,31.4,17.82,17.67,9.3,9.3,2.289,0.846,0.0,2.25,7.71e-07,0.01485,12850000.0,-0.1836,1.213,-0.1836,1.213,6.31,,,,
0.0,0.0,0.0,0.0,0.0,0.03125,36.6,30.0,17.17,16.13,7.8,7.8,2.367,0.848,0.0,3.375,7.61e-07,-0.001655,12880000.0,-0.1412,1.255,-0.1412,1.255,6.722,,,,
0.0,0.0,0.0,0.0,0.0,0.00625,33.2,31.4,17.15,16.98,7.8,7.8,2.412,0.85,0.0,2.109,7.51e-07,0.02777,12910000.0,-0.1391,1.326,-0.1391,1.326,6.356,,,,
0.0,0.0,0.0,0.0,0.0,0.025,35.3,28.4,16.45,15.64,8.0,8.0,2.564,0.852,0.0,2.562,7.41e-07,0.03262,12940000.0,-0.02244,1.142,-0.02244,1.142,6.565,,,,
0.0,0.0,0.0,0.0,0.0,0.0125,33.2,29.7,16.35,15.95,7.9,7.9,2.464,0.854,0.0,1.898,7.31e-07,0.06884,12970000.0,-0.1507,1.181,-0.1507,1.181,6.317,,,,
0.0,0.0,0.0,0.0,0.0,0.0,30.4,30.4,14.99,14.99,7.6,7.6,2.545,0.856,0.0,2.844,7.21e-07,0.02976,13000000.0,0.05339,1.163,0.05339,1.163,6.097,,,,
0.0,0.0,0.0,0.0,0.0,0.00625,31.3,29.3,16.14,15.96,6.4,6.4,2.473,0.858,0.0,2.484,7.11e-07,0.01515,13030000.0,0.01473,1.193,0.01473,1.193,6.245,,,,
0.0,0.0,0.0,0.0,0.0,0.0125,34.9,32.3,14.87,14.46,6.9,6.9,2.502,0.86,0.0,2.266,7.01e-07,0.06465,13060000.0,-0.1268,1.236,-0.1268,1.236,6.504,,,,
0.0,0.0,0.0,0.0,0.0,0.0125,30.7,29.5,16.39,16.04,6.9,6.9,2.312,0.862,0.0,2.219,6.91e-07,-0.02773,13090000.0,-0.07366,1.213,-0.07366,1.213,6.156,,,,
0.0,0.0,0.0,0.0,0.0,0.00625,31.7,29.9,16.4,16.22,7.6,7.6,2.31,0.864,0.0,2.172,6.81e-07,0.01013,13120000.0,-0.09248,1.124,-0.09248,1.124,6.236,,,,
0.0,0.0,0.0,0.0,0.0,0.03125,34.2,27.8,16.63,15.6,8.0,8.0,2.489,0.866,0.0,2.391,6.71e-07,-0.004645,13150000.0,-0.2379,1.315,-0.2379,1.315,6.483,,,,
0.0,0.0,0.0,0.0,0.0,0.00625,34.9,34.3,17.48,17.28,8.3,8.3,2.388,0.868,0.0,2.844,6.61e-07,0.02971,13180000.0,-0.03721,1.107,-0.03721,1.107,6.487,,,,
0.0,0.0,0.0,0.0,0.0,0.0,31.0,31.0,15.56,15.56,7.9,7.9,2.442,0.87,0.025,2.344,6.51e-07,0.01611,13210000.0,-0.07744,1.146,-0.07744,1.146,6.199,,,,
0.0,0.0,0.0,0.0,0.0,0.0,31.6,31.6,15.96,15.96,7.1,7.1,2.362,0.872,0.0,2.531,6.41e-07,0.002064,13240000.0,-0.02499,1.14,-0.02499,1.14,6.191,,,,
0.0,0.0,0.0,0.0,0.0,0.0125,34.6,33.0,17.44,17.07,7.7,7.7,2.397,0.874,0.0,3.016,6.31e-07,-0.0179,13270000.0,-0.1522,1.265,-0.1522,1.265,6.515,,,,
0.0,0.0,0.0,0.0,0.0,0.0125,34.4,30.8,16.9,16.5,7.6,7.6,2.458,0.876,0.0,2.375,6.21e-07,0.08269,13300000.0,-0.1479,1.265,-0.1479,1.265,6.467,,,,
0.0,0.0,0.0,0.0,0.0,0.0125,34.6,32.4,15.75,15.33,7.2,7.2,2.494,0.878,0.0,3.031,6.11e-07,0.08735,13330000.0,-0.1421,1.241,-0.1421,1.241,6.476,,,,
0.0,0.0,0.0,0.0,0.0,0.0125,31.2,28.6,15.61,15.27,7.4,7.4,2.394,0.88,0.0,1.57,6.01e-07,0.01198,13360000.0,-0.1074,1.227,-0.1074,1.227,6.295,,,,
0.0,0.0,0.0,0.0,0.0,0.0125,34.9,30.7,16.87,16.46,8.0,8.0,2.465,0.882,0.0,2.047,5.91e-07,0.02444,13390000.0,-0.2258,1.132,-0.2258,1.132,6.546,,,,
0.0,0.0,0.0,0.0,0.0,0.0375,35.6,32.6,18.77,17.75,8.5,8.5,2.316,0.884,0.0,3.203,5.81e-07,0.01503,13420000.0,-0.1697,1.324,-0.1697,1.324,6.659,,,,
0.0,0.0,0.0,0.0,0.0,0.0,29.2,29.2,14.39,14.39,7.6,7.6,2.502,0.886,0.0,3.656,5.71e-07,0.06701,13450000.0,0.02017,1.164,0.02017,1.164,6.006,,,,
0.0,0.0,0.0,0.0,0.0,0.01875,35.3,30.6,16.51,15.89,7.9,7.9,2.464,0.888,0.0,2.797,5.61e-07,0.05378,13480000.0,-0.2335,1.316,-0.2335,1.316,6.613,,,,
0.0,0.0,0.0,0.0,0.0,0.00625,34.5,33.8,17.12,16.94,8.5,8.5,2.346,0.89,0.0,2.828,5.51e-07,0.01639,13510000.0,-0.2119,1.247,-0.2119,1.247,6.482,,,,
0.0,0.0,0.0,0.0,0.0,0.0,35.3,35.3,17.16,17.16,8.7,8.7,2.449,0.892,0.0,2.5,5.41e-07,0.02232,13540000.0,-0.4449,1.338,-0.4449,1.338,6.609,,,,
0.0,0.0,0.0,0.0,0.0,0.0,32.9,32.9,16.07,16.07,8.2,8.2,2.22,0.894,0.0,2.953,5.31e-07,0.06284,13570000.0,-0.07483,1.155,-0.07483,1.155,6.339,,,,
0.0,0.0,0.0,0.0,0.0,0.01875,31.6,27.1,15.62,15.04,7.8,7.8,2.374,0.896,0.0,2.234,5.21e-07,0.02193,13600000.0,-0.08981,1.457,-0.08981,1.457,6.34,,,,
0.0,0.0,0.0,0.0,0.0,0.00625,34.1,33.7,17.51,17.32,9.1,9.1,2.32,0.898,0.0,3.141,5.11e-07,0.05549,13630000.0,0.03452,1.136,0.03452,1.136,6.457,,,,
0.0,0.0,0.0,0.0,0.0,0.00625,36.5,33.4,18.59,18.36,9.1,9.1,2.305,0.9,0.0,1.766,5.01e-07,0.08699,13660000.0,-0.1625,1.24,-0.1625,1.24,6.724,,,,
0.0,0.0,0.0,0.0,0.0,0.01875,37.4,32.5,17.99,17.4,8.5,8.5,2.506,0.902,0.0,2.516,4.91e-07,0.1144,13690000.0,-0.01317,1.259,-0.01317,1.259,6.754,,,,
0.0,0.0,0.0,0.0,0.0,0.0,34.7,34.7,17.67,17.67,8.8,8.8,2.233,0.904,0.0,1.852,4.81e-07,0.06484,13720000.0,-0.04373,1.238,-0.04373,1.238,6.546,,,,
0.0,0.0,0.0,0.0,0.0,0.025,34.7,27.7,16.31,15.5,7.9,7.9,2.504,0.906,0.0,2.422,4.71e-07,0.1342,13750000.0,-0.1438,1.372,-0.1438,1.372,6.51,,,,
0.0,0.0,0.0,0.0,0.0,0.0,28.0,28.0,15.14,15.14,7.7,7.7,2.537,0.908,0.0,3.359,4.61e-07,0.05433,13780000.0,-0.3571,1.184,-0.3571,1.184,5.953,,,,
0.0,0.0,0.0,0.0,0.0,0.01875,33.3,29.8,16.23,15.65,8.1,8.1,2.417,0.91,0.0,2.484,4.51e-07,0.02686,13810000.0,-0.05792,1.168,-0.05792,1.168,6.407,,,,
0.0,0.0,0.0,0.0,0.0,0.0375,34.1,30.0,17.44,16.24,8.0,8.0,2.35,0.912,0.0,2.938,4.41e-07,0.05066,13840000.0,-0.2338,1.259,-0.2338,1.259,6.499,,,,
0.0,0.0,0.0,0.0,0.0,0.0375,34.0,31.2,17.63,16.58,7.3,7.3,2.456,0.914,0.0,1.875,4.31e-07,-0.007918,13870000.0,-0.09901,1.273,-0.09901,1.273,6.512,,,,
0.0,0.0,0.0,0.0,0.0,0.00625,34.0,32.6,16.8,16.62,8.3,8.3,2.236,0.916,0.0,1.734,4.21e-07,0.02571,13900000.0,0.01422,1.148,0.01422,1.148,6.462,,,,
0.0,0.0,0.0,0.0,0.0,0.0125,34.9,33.5,16.69,16.33,7.7,7.7,2.567,0.918,0.0,2.484,4.11e-07,0.02894,13930000.0,-0.006268,1.083,-0.006268,1.083,6.602,,,,
0.0,0.0,0.0,0.0,0.0,0.01875,29.9,26.8,14.91,14.35,6.6,6.6,2.57,0.92,0.0,2.156,4.01e-07,0.01922,13960000.0,-0.00958,1.182,-0.00958,1.182,6.114,,,,
0.0,0.0,0.0,0.0,0.0,0.0,26.6,26.6,14.51,14.51,7.4,7.4,2.542,0.922,0.0,2.688,3.91e-07,0.01573,13990000.0,-0.1324,1.103,-0.1324,1.103,5.861,,,,
0.0,0.0,0.0,0.0,0.0,0.01875,33.1,33.1,16.49,15.89,8.3,8.3,2.213,0.924,0.0,2.375,3.81e-07,0.05192,14020000.0,0.03617,1.107,0.03617,1.107,6.38,,,,
0.0,0.0,0.0,0.0,0.0,0.0125,32.6,30.2,15.96,15.59,7.8,7.8,2.42,0.926,0.0,3.188,3.71e-07,0.03393,14050000.0,-0.2536,1.356,-0.2536,1.356,6.364,,,,
0.0,0.0,0.0,0.0,0.0,0.00625,32.6,30.1,15.8,15.59,7.5,7.5,2.309,0.928,0.0,2.375,3.61e-07,0.01068,14080000.0,-0.3385,1.404,-0.3385,1.404,6.375,,,,
0.0,0.0,0.0,0.0,0.0,0.01875,36.1,32.7,15.38,14.77,6.8,6.8,2.5,0.93,0.0,2.188,3.51e-07,0.1182,14110000.0,-0.191,1.247,-0.191,1.247,6.658,,,,
0.0,0.0,0.0,0.0,0.0,0.0125,34.9,33.0,15.73,15.35,7.1,7.1,2.518,0.932,0.0,3.562,3.41e-07,0.01052,14140000.0,-0.125,1.19,-0.125,1.19,6.61,,,,
0.0,0.0,0.0,0.0,0.0,0.01875,32.2,30.0,16.77,16.22,7.7,7.7,2.464,0.934,0.0,2.016,3.31e-07,0.01408,14170000.0,-0.2148,1.235,-0.2148,1.235,6.401,,,,
0.0,0.0,0.0,0.0,0.0,0.0,33.7,33.7,15.35,15.35,7.1,7.1,2.53,0.936,0.0,2.469,3.21e-07,0.08635,14200000.0,-0.2536,1.243,-0.2536,1.243,6.505,,,,
0.0,0.0,0.0,0.0,0.0,0.0125,34.6,32.4,16.52,16.15,8.1,8.1,2.403,0.938,0.0,2.906,3.11e-07,0.04283,14230000.0,-0.2023,1.135,-0.2023,1.135,6.622,,,,
0.0,0.0,0.0,0.0,0.0,0.0,30.7,30.7,15.46,15.46,7.5,7.5,2.403,0.94,0.0,2.672,3.01e-07,0.01164,14260000.0,-0.07268,1.171,-0.07268,1.171,6.217,,,,
0.0,0.0,0.0,0.0,0.0,0.0125,34.6,30.4,16.07,15.66,7.2,7.2,2.432,0.942,0.0,2.312,2.91e-07,0.08693,14290000.0,-0.06593,1.211,-0.06593,1.211,6.609,,,,
0.0,0.0,0.0,0.0,0.0,0.01875,36.5,31.5,16.45,15.85,7.9,7.9,2.422,0.944,0.0,2.141,2.81e-07,0.08098,14320000.0,-0.2235,1.269,-0.2235,1.269,6.713,,,,
0.0,0.0,0.0,0.0,0.0,0.0125,33.5,31.0,16.85,16.4,8.1,8.1,2.465,0.946,0.0,3.047,2.71e-07,0.03569,14350000.0,-0.04879,1.166,-0.04879,1.166,6.508,,,,
0.0,0.0,0.0,0.0,0.0,0.01875,32.8,30.8,16.44,15.85,8.1,8.1,2.361,0.948,0.0,1.859,2.61e-07,0.05517,14380000.0,-0.2823,1.177,-0.2823,1.177,6.419,,,,
0.0,0.0,0.0,0.0,0.0,0.01875,37.3,34.6,18.65,18.11,8.0,8.0,2.265,0.95,0.0,1.859,2.51e-07,0.02368,14410000.0,-0.1522,1.409,-0.1522,1.409,6.817,,,,
0.0,0.0,0.0,0.0,0.0,0.00625,28.8,27.9,15.05,14.86,7.3,7.3,2.405,0.952,0.0,3.109,2.41e-07,-0.03218,14440000.0,-0.06229,1.208,-0.06229,1.208,6.068,,,,
0.0,0.0,0.0,0.0,0.0,0.0125,33.1,29.6,15.66,15.25,7.8,7.8,2.255,0.954,0.0,2.188,2.31e-07,0.05775,14470000.0,-0.1596,1.177,-0.1596,1.177,6.443,,,,
0.0,0.0,0.0,0.0,0.0,0.0125,32.2,31.4,16.4,16.03,7.6,7.6,2.328,0.956,0.0,2.641,2.21e-07,0.05572,14500000.0,-0.1318,1.183,-0.1318,1.183,6.345,,,,
0.0,0.0,0.0,0.0,0.0,0.025,39.0,33.9,19.15,18.47,8.9,8.9,2.148,0.958,0.0,3.328,2.11e-07,0.04066,14530000.0,-0.1838,1.376,-0.1838,1.376,6.937,,,,
0.0,0.0,0.0,0.0,0.0,0.0125,30.3,29.0,15.95,15.6,8.0,8.0,2.377,0.96,0.0,1.93,2.01e-07,0.02075,14560000.0,-0.07461,1.173,-0.07461,1.173,6.189,,,,
0.0,0.0,0.0,0.0,0.0,0.00625,30.1,28.6,16.08,15.89,8.1,8.1,2.387,0.962,0.0,2.578,1.91e-07,-0.01083,14590000.0,-0.06644,1.214,-0.06644,1.214,6.18,,,,
0.0,0.0,0.0,0.0,0.0,0.01875,32.7,30.0,16.08,15.46,7.4,7.4,2.419,0.964,0.0,2.828,1.81e-07,0.0321,14620000.0,0.01874,1.205,0.01874,1.205,6.371,,,,
0.0,0.0,0.0,0.0,0.0,0.00625,30.0,27.1,14.5,14.28,7.3,7.3,2.436,0.966,0.0,3.656,1.71e-07,-0.007588,14650000.0,-0.09101,1.067,-0.09101,1.067,6.223,,,,
0.0,0.0,0.0,0.0,0.0,0.03125,42.7,36.6,17.61,16.59,7.8,7.8,2.319,0.968,0.0,2.344,1.61e-07,0.1167,14690000.0,-0.06869,1.25,-0.06869,1.25,7.357,,,,
0.0,0.0,0.0,0.0,0.0,0.00625,31.9,30.3,15.01,14.8,8.1,8.1,2.39,0.97,0.0,2.516,1.51e-07,0.03217,14720000.0,-0.106,1.13,-0.106,1.13,6.33,,,,
0.0,0.0,0.0,0.0,0.0,0.0,29.6,29.6,16.13,16.13,7.7,7.7,2.498,0.972,0.0,1.961,1.41e-07,-0.0104,14750000.0,-0.05196,1.163,-0.05196,1.163,6.088,,,,
0.0,0.0,0.0,0.0,0.0,0.025,37.2,30.5,16.36,15.57,7.0,7.0,2.436,0.974,0.0,2.344,1.31e-07,-0.03649,14780000.0,-0.4309,1.269,-0.4309,1.269,6.882,,,,
0.0,0.0,0.0,0.0,0.0,0.04375,41.1,31.3,16.57,15.12,7.3,7.3,2.458,0.976,0.0,2.297,1.21e-07,0.07188,14810000.0,-0.4189,1.326,-0.4189,1.326,7.195,,,,
0.0,0.0,0.0,0.0,0.0,0.00625,29.0,28.7,16.12,15.97,8.0,8.0,2.41,0.978,0.0,2.281,1.11e-07,0.003124,14840000.0,-0.1282,1.152,-0.1282,1.152,6.154,,,,
0.0,0.0,0.0,0.0,0.0,0.0,31.1,31.1,16.72,16.72,8.3,8.3,2.364,0.98,0.0,2.094,1.01e-07,0.006067,14870000.0,0.02703,1.137,0.02703,1.137,6.348,,,,
0.0,0.0,0.0,0.0,0.0,0.03125,36.1,33.1,19.92,19.03,8.1,8.1,2.312,0.982,0.0,1.875,9.1e-08,0.008575,14900000.0,-0.2192,1.224,-0.2192,1.224,6.735,,,,
0.0,0.0,0.0,0.0,0.0,0.04375,36.6,31.8,16.9,15.54,8.1,8.1,2.429,0.984,0.0,1.945,8.1e-08,0.06703,14930000.0,-0.05126,1.134,-0.05126,1.134,6.799,,,,
0.0,0.0,0.0,0.0,0.0,0.0,30.8,30.8,17.09,17.09,7.1,7.1,2.314,0.986,0.0,2.797,7.1e-08,-0.05259,14960000.0,-0.2574,1.163,-0.2574,1.163,6.227,,,,
0.0,0.0,0.0,0.0,0.0,0.00625,29.4,27.5,16.07,15.89,7.7,7.7,2.286,0.988,0.0,1.938,6.1e-08,0.03339,14990000.0,-0.03809,1.165,-0.03809,1.165,6.148,,,,
0.0,0.0,0.0,0.0,0.0,0.00625,27.6,24.7,14.66,14.44,8.3,8.3,2.563,0.99,0.0,3.125,5.1e-08,0.05523,15020000.0,-0.07942,1.169,-0.07942,1.169,5.96,,,,
0.0,0.0,0.0,0.0,0.0,0.00625,30.6,30.3,15.66,15.49,7.0,7.0,2.373,0.992,0.0,1.961,4.1e-08,0.008631,15050000.0,0.04502,1.116,0.04502,1.116,6.267,,,,
0.0,0.0,0.0,0.0,0.0,0.025,32.7,28.5,15.47,14.69,7.1,7.1,2.487,0.994,0.0,2.562,3.1e-08,0.03124,15080000.0,-0.151,1.2,-0.151,1.2,6.435,,,,
0.0,0.0,0.0,0.0,0.0,0.0125,33.7,29.7,15.97,15.56,7.2,7.2,2.54,0.996,0.0,2.562,2.1e-08,0.07164,15110000.0,0.000836,1.157,0.000836,1.157,6.48,,,,
0.0,0.0,0.0,0.0,0.0,0.03125,42.4,36.3,19.12,18.21,8.8,8.8,2.247,0.998,0.0,2.594,1.1e-08,0.01627,15140000.0,-0.2498,1.358,-0.2498,1.358,7.359,,,,
0.0,0.0,0.0,0.0,0.0,0.01875,32.0,26.7,15.61,14.99,7.8,7.8,2.327,1.0,0.0,2.797,1e-09,0.01714,15170000.0,-0.1677,1.377,-0.1677,1.377,6.362,,,,
,,,,,,,,,,,,,1.0,,,,,,,,,,,0.03533,31330.0,0.638,0.16
